-- phpMyAdmin SQL Dump
-- version 4.5.1
-- http://www.phpmyadmin.net
--
-- Host: 127.0.0.1
-- Generation Time: Dec 12, 2016 at 05:38 PM
-- Server version: 10.1.8-MariaDB
-- PHP Version: 5.6.14

SET SQL_MODE = "NO_AUTO_VALUE_ON_ZERO";
SET time_zone = "+00:00";


/*!40101 SET @OLD_CHARACTER_SET_CLIENT=@@CHARACTER_SET_CLIENT */;
/*!40101 SET @OLD_CHARACTER_SET_RESULTS=@@CHARACTER_SET_RESULTS */;
/*!40101 SET @OLD_COLLATION_CONNECTION=@@COLLATION_CONNECTION */;
/*!40101 SET NAMES utf8mb4 */;

--
-- Database: `aims`
--

-- --------------------------------------------------------

--
-- Table structure for table `account`
--

CREATE TABLE `account` (
  `id` int(11) NOT NULL,
  `password` varchar(100) NOT NULL,
  `email` varchar(50) NOT NULL,
  `first_name` varchar(50) NOT NULL,
  `last_name` varchar(50) NOT NULL,
  `type` int(11) NOT NULL,
  `isVisible` int(11) NOT NULL
) ENGINE=InnoDB DEFAULT CHARSET=latin1;

--
-- Dumping data for table `account`
--

INSERT INTO `account` (`id`, `password`, `email`, `first_name`, `last_name`, `type`, `isVisible`) VALUES
(1, 'Bxu3vNZaJbHg8I/ctCUChrqH56linY0CVhEDcMAZ9dhxMI1hiyYBXAocD1goEpyuXg68QjC8We2BPFayJ6cLiA==', 'bryce27923@gmail.com', 'Bryce', 'Deyto', 1, 1),
(29, 'aPSlwLgVDMFeRxAB+0s2AwVI6BjLDknjeNlnTpdBRDdhCs2wPtBoLl0y07rDBDVjegKo5UhLEVJei6t6VyGceA==', 'brays_420@yahoo.com', 'Brays', 'Bryce', 2, 1),
(69, 'bBFiADxQW4TSmBReiyLZeFhI8C62nbmLf3GZ27MDo1Q2Q911sl1aAG3oSf1wfpCoUvrQkq0SG9u1ueT3f3+Clw==', 'ana.albano05@gmail.com', 'Mei', 'Albano', 1, 1),
(70, 'SbSayug+xnQQYdavhdBSvUTsHgranJ4NoUAzzK/xJ4OPzHlugmzKC07vnvD/hmKpt1sElnCB/Q1NHfk1qolMhw==', 'cleavantsarte40@gmail.com', 'Cleavant Nigel', 'Sarte', 2, 1),
(71, ' ', 'brays.420@gmail.com', 'Francis', 'Quintano', 2, 2);

-- --------------------------------------------------------

--
-- Table structure for table `account_type`
--

CREATE TABLE `account_type` (
  `id` int(11) NOT NULL,
  `type` varchar(15) NOT NULL
) ENGINE=InnoDB DEFAULT CHARSET=latin1;

--
-- Dumping data for table `account_type`
--

INSERT INTO `account_type` (`id`, `type`) VALUES
(1, 'Supervisor'),
(2, 'Staff');

-- --------------------------------------------------------

--
-- Table structure for table `action`
--

CREATE TABLE `action` (
  `id` int(11) NOT NULL,
  `action` varchar(20) NOT NULL
) ENGINE=InnoDB DEFAULT CHARSET=latin1;

--
-- Dumping data for table `action`
--

INSERT INTO `action` (`id`, `action`) VALUES
(1, 'Added'),
(2, 'Edited'),
(3, 'Deactivated'),
(4, 'Logged in'),
(5, 'Reset'),
(6, 'Generated'),
(7, 'Approved'),
(8, 'Reactivated'),
(9, 'Deleted'),
(10, 'Deployed'),
(11, 'Pulled Out');

-- --------------------------------------------------------

--
-- Table structure for table `category`
--

CREATE TABLE `category` (
  `id` int(3) NOT NULL,
  `name` varchar(20) NOT NULL,
  `icon` varchar(40) NOT NULL,
  `count` int(11) NOT NULL DEFAULT '0',
  `isVisible` tinyint(1) NOT NULL
) ENGINE=InnoDB DEFAULT CHARSET=latin1;

--
-- Dumping data for table `category`
--

INSERT INTO `category` (`id`, `name`, `icon`, `count`, `isVisible`) VALUES
(1, 'Other', 'fa fa-gears', 0, 1),
(2, 'Keyboard', 'fa fa-keyboard-o', 1, 1),
(3, 'Wires&#x2f;Cables', 'fa fa-link', 0, 1),
(4, 'Display', 'glyphicon glyphicon-blackboard', 1, 1),
(5, 'Mouse', 'ion ion-mouse', 4, 1),
(6, 'Drive', 'glyphicon glyphicon-hdd', 0, 1),
(7, 'Printer', 'ion ion-android-print', 0, 1),
(9, 'Desktop', 'fa fa-desktop', 1, 1),
(10, 'Laptop', 'fa fa-laptop', 1, 1);

-- --------------------------------------------------------

--
-- Table structure for table `component`
--

CREATE TABLE `component` (
  `id` int(11) NOT NULL,
  `main_item` int(11) NOT NULL,
  `target_item` int(11) NOT NULL
) ENGINE=InnoDB DEFAULT CHARSET=latin1;

--
-- Dumping data for table `component`
--

INSERT INTO `component` (`id`, `main_item`, `target_item`) VALUES
(1, 7, 6),
(2, 7, 5),
(3, 7, 1),
(4, 8, 2);

-- --------------------------------------------------------

--
-- Table structure for table `deploy`
--

CREATE TABLE `deploy` (
  `id` int(11) NOT NULL,
  `user` int(11) NOT NULL,
  `item` int(11) NOT NULL,
  `type` int(2) NOT NULL DEFAULT '2',
  `status` int(11) NOT NULL,
  `remarks` varchar(30) NOT NULL,
  `location` varchar(30) NOT NULL,
  `timestamp` timestamp NOT NULL DEFAULT CURRENT_TIMESTAMP ON UPDATE CURRENT_TIMESTAMP
) ENGINE=InnoDB DEFAULT CHARSET=latin1;

--
-- Dumping data for table `deploy`
--

INSERT INTO `deploy` (`id`, `user`, `item`, `type`, `status`, `remarks`, `location`, `timestamp`) VALUES
(1, 1, 1, 2, 0, '', 'Stock Room', '2016-12-12 13:39:33'),
(2, 1, 2, 2, 0, '', 'Stock Room', '2016-12-12 13:39:33'),
(3, 1, 3, 2, 0, '', 'Stock Room', '2016-12-12 13:39:33'),
(4, 1, 4, 2, 0, '', 'Stock Room', '2016-12-12 13:39:33'),
(5, 1, 5, 2, 0, '', 'Stock Room', '2016-12-12 13:39:33'),
(6, 1, 6, 2, 0, '', 'Stock Room', '2016-12-12 13:39:33'),
(7, 1, 7, 2, 0, '', 'Stock Room', '2016-12-12 13:39:33'),
(8, 29, 8, 2, 0, '', 'Stock Room', '2016-12-12 13:39:33');

-- --------------------------------------------------------

--
-- Table structure for table `item`
--

CREATE TABLE `item` (
  `id` int(11) NOT NULL,
  `name` varchar(30) NOT NULL,
  `model` varchar(30) NOT NULL,
  `category` int(11) NOT NULL,
  `brand` varchar(30) NOT NULL,
  `location` varchar(30) NOT NULL,
  `status` int(11) NOT NULL,
  `remarks` varchar(50) NOT NULL,
  `serial` varchar(30) NOT NULL,
  `recieved` timestamp NOT NULL DEFAULT CURRENT_TIMESTAMP,
  `isComponent` int(2) NOT NULL DEFAULT '0',
  `isVisible` int(2) NOT NULL DEFAULT '1'
) ENGINE=InnoDB DEFAULT CHARSET=latin1;

--
-- Dumping data for table `item`
--

INSERT INTO `item` (`id`, `name`, `model`, `category`, `brand`, `location`, `status`, `remarks`, `serial`, `recieved`, `isComponent`, `isVisible`) VALUES
(1, 'Wired Mouse', '', 5, 'a4tech', 'Stock Room', 1, 'In-Stock', '100001', '2016-12-11 09:53:18', 1, 1),
(2, 'Wireless Mouse', '', 5, 'Logitech', 'Stock Room', 1, 'In-Stock', 'W100001', '2016-12-11 09:57:34', 1, 1),
(3, 'Wired Mouse', '', 5, 'a4tech', 'Stock Room', 1, 'In-Stock', '100002', '2016-12-11 09:57:53', 0, 1),
(4, 'Wired Mouse', '', 5, 'a4tech', 'Stock Room', 1, 'In-Stock', '100003', '2016-12-11 10:02:24', 0, 1),
(5, 'Wired Keyboard', '', 2, 'a4tech', 'Stock Room', 1, 'In-Stock', 'K00001', '2016-12-11 10:02:56', 1, 1),
(6, 'Monitor', '', 4, 'Samsung', 'Stock Room', 1, 'In-Stock', 'M100001', '2016-12-11 10:18:13', 1, 1),
(7, 'Desktop-PC', '', 9, 'Generic', 'Stock Room', 1, 'In-Stock', 'PC100001', '2016-12-12 08:48:34', 0, 1),
(8, 'Laptop ', '', 10, 'HP', 'Stock Room', 1, 'In-Stock', 'LP100001', '2016-12-12 11:08:05', 0, 1);

-- --------------------------------------------------------

--
-- Table structure for table `logs`
--

CREATE TABLE `logs` (
  `id` int(11) NOT NULL,
  `user` int(11) DEFAULT NULL,
  `target_account` int(11) DEFAULT NULL,
  `target_item` int(11) DEFAULT NULL,
  `target_category` int(11) NOT NULL DEFAULT '0',
  `action` int(11) NOT NULL,
  `type` int(11) NOT NULL,
  `deviceID` int(1) NOT NULL,
  `timestamp` timestamp NOT NULL DEFAULT CURRENT_TIMESTAMP ON UPDATE CURRENT_TIMESTAMP
) ENGINE=InnoDB DEFAULT CHARSET=latin1;

--
-- Dumping data for table `logs`
--

INSERT INTO `logs` (`id`, `user`, `target_account`, `target_item`, `target_category`, `action`, `type`, `deviceID`, `timestamp`) VALUES
(1, 1, 1, 0, 0, 1, 2, 1, '2016-10-20 12:17:20'),
(2, 1, 0, 0, 0, 4, 2, 1, '2016-10-21 13:04:44'),
(4, 1, 0, 0, 0, 4, 2, 1, '2016-10-21 13:50:33'),
(5, 1, 0, 0, 0, 4, 2, 1, '2016-10-22 13:51:17'),
(8, 1, 0, 0, 0, 4, 2, 1, '2016-10-22 13:54:23'),
(9, 1, 0, 0, 0, 4, 2, 1, '2016-10-22 13:55:40'),
(10, 1, 0, 0, 0, 4, 2, 1, '2016-10-24 13:56:05'),
(11, 1, 0, 0, 0, 4, 2, 1, '2016-10-24 13:56:44'),
(16, 1, 0, 0, 0, 4, 2, 1, '2016-10-27 14:03:31'),
(17, 1, 0, 0, 0, 4, 2, 1, '2016-10-27 14:03:35'),
(18, 1, 0, 0, 0, 4, 2, 1, '2016-10-27 14:03:52'),
(19, 1, 0, 0, 0, 4, 2, 1, '2016-10-27 14:04:27'),
(20, 1, 0, 0, 0, 4, 2, 1, '2016-10-27 14:05:20'),
(21, 1, 0, 0, 0, 4, 2, 1, '2016-10-28 14:05:34'),
(26, 1, 0, 0, 0, 4, 2, 1, '2016-11-04 07:28:44'),
(27, 1, 0, 0, 0, 4, 2, 1, '2016-11-04 07:28:54'),
(28, 1, 0, 0, 0, 4, 2, 1, '2016-11-04 07:28:55'),
(29, 1, 0, 0, 0, 4, 2, 1, '2016-11-04 07:28:56'),
(30, 1, 0, 0, 0, 4, 2, 1, '2016-11-04 07:28:57'),
(31, 1, 0, 0, 0, 4, 2, 1, '2016-11-06 23:07:54'),
(32, 1, 0, 0, 0, 4, 2, 1, '2016-11-08 03:32:54'),
(33, 1, 0, 0, 0, 4, 2, 1, '2016-11-08 04:47:55'),
(34, 1, 0, 0, 0, 4, 2, 1, '2016-11-08 05:41:18'),
(35, 1, 0, 0, 0, 4, 2, 1, '2016-11-08 06:02:49'),
(36, 1, 0, 0, 0, 4, 2, 1, '2016-11-08 06:06:06'),
(37, 1, 0, 0, 0, 4, 2, 1, '2016-11-08 06:07:57'),
(38, 1, 0, 0, 0, 4, 2, 1, '2016-11-08 06:15:23'),
(39, 1, 0, 0, 0, 4, 2, 1, '2016-11-15 03:27:08'),
(40, 1, 0, 0, 0, 4, 2, 1, '2016-11-15 03:27:09'),
(41, 1, 0, 0, 0, 4, 2, 1, '2016-11-15 03:40:47'),
(42, 1, 0, 0, 0, 4, 2, 1, '2016-11-15 05:41:32'),
(43, 1, 0, 0, 0, 4, 2, 1, '2016-11-15 06:20:40'),
(44, 1, 0, 0, 0, 4, 2, 1, '2016-11-15 17:12:46'),
(45, 1, 0, 0, 0, 4, 2, 1, '2016-11-16 05:36:06'),
(46, 1, 0, 0, 0, 4, 2, 1, '2016-11-16 05:36:56'),
(47, 1, 0, 0, 0, 4, 2, 1, '2016-11-16 05:56:45'),
(48, 1, 0, 0, 0, 4, 2, 1, '2016-11-16 06:09:23'),
(49, 1, 0, 0, 0, 4, 2, 2, '2016-11-16 06:09:43'),
(50, 1, 0, 0, 0, 4, 2, 2, '2016-11-16 06:16:37'),
(51, 1, 0, 0, 0, 4, 2, 1, '2016-11-16 06:16:42'),
(52, 1, 0, 0, 0, 4, 2, 1, '2016-11-16 06:21:48'),
(53, 1, 0, 0, 0, 4, 2, 2, '2016-11-16 06:22:09'),
(54, 1, 0, 0, 0, 4, 2, 2, '2016-11-16 06:22:15'),
(55, 1, 0, 0, 0, 4, 2, 1, '2016-11-16 10:42:54'),
(56, 1, 0, 0, 0, 4, 2, 2, '2016-11-16 10:43:20'),
(57, 1, 0, 0, 0, 4, 2, 2, '2016-11-16 10:46:47'),
(58, 1, 0, 0, 0, 4, 2, 1, '2016-11-16 16:30:34'),
(59, 1, 0, 0, 0, 4, 2, 1, '2016-11-16 16:50:43'),
(60, 1, 0, 0, 0, 4, 2, 1, '2016-11-16 17:03:50'),
(61, 1, 0, 0, 0, 4, 2, 1, '2016-11-16 17:10:58'),
(62, 1, 0, 0, 0, 4, 2, 1, '2016-11-16 17:23:52'),
(63, 1, 0, 0, 0, 4, 2, 1, '2016-11-16 17:29:15'),
(64, 1, 0, 0, 0, 4, 2, 1, '2016-11-16 17:31:05'),
(65, 1, 0, 0, 0, 4, 2, 1, '2016-11-16 17:33:54'),
(66, 1, 0, 0, 0, 4, 2, 1, '2016-11-16 17:35:33'),
(67, 1, 0, 0, 0, 4, 2, 1, '2016-11-16 17:46:12'),
(69, 1, 0, 0, 0, 4, 2, 1, '2016-11-16 17:49:19'),
(71, 1, 0, 0, 0, 4, 2, 1, '2016-11-17 15:22:46'),
(79, 1, 0, 0, 0, 4, 2, 1, '2016-11-17 17:31:02'),
(80, 1, 0, 0, 0, 4, 2, 1, '2016-11-17 17:32:27'),
(81, 1, 0, 0, 0, 4, 2, 1, '2016-11-17 17:39:28'),
(85, 1, 0, 0, 0, 4, 2, 1, '2016-11-21 15:19:03'),
(87, 1, 0, 0, 0, 4, 2, 1, '2016-11-21 15:33:09'),
(88, 1, 0, 0, 0, 4, 2, 1, '2016-11-21 16:25:23'),
(89, 1, 0, 0, 0, 4, 2, 1, '2016-11-21 16:31:25'),
(90, 1, 0, 0, 0, 4, 2, 1, '2016-11-22 03:17:09'),
(100, 1, 0, 0, 0, 4, 2, 1, '2016-11-22 03:46:10'),
(102, 1, 0, 0, 0, 4, 2, 1, '2016-11-22 03:52:48'),
(103, 1, 0, 0, 0, 4, 2, 1, '2016-11-22 04:01:16'),
(104, 1, 0, 0, 0, 4, 2, 1, '2016-11-22 04:08:23'),
(106, 1, 0, 0, 0, 4, 2, 1, '2016-11-26 12:14:01'),
(108, 1, 0, 0, 0, 4, 2, 1, '2016-11-26 12:26:34'),
(110, 1, 0, 0, 0, 4, 2, 1, '2016-11-26 12:29:38'),
(111, 1, 0, 0, 0, 4, 2, 1, '2016-11-26 12:32:14'),
(112, 1, 0, 0, 0, 4, 2, 1, '2016-11-26 12:35:09'),
(114, 1, 0, 0, 0, 4, 2, 1, '2016-11-26 12:37:53'),
(115, 1, 0, 0, 0, 4, 2, 1, '2016-11-26 12:38:03'),
(116, 1, 0, 0, 0, 4, 2, 1, '2016-11-26 12:40:03'),
(118, 1, 0, 0, 0, 4, 2, 1, '2016-11-26 12:43:16'),
(120, 1, 0, 0, 0, 4, 2, 1, '2016-11-26 12:59:03'),
(121, 1, 0, 0, 0, 4, 2, 1, '2016-11-26 13:37:12'),
(122, 1, 0, 0, 0, 4, 2, 1, '2016-11-26 13:55:13'),
(123, 1, 0, 0, 0, 4, 2, 1, '2016-11-26 14:02:21'),
(124, 1, 69, 0, 0, 1, 2, 1, '2016-11-28 13:55:22'),
(125, 1, 0, 0, 0, 4, 2, 1, '2016-11-26 14:08:52'),
(126, 1, 0, 0, 0, 4, 2, 1, '2016-11-26 14:15:50'),
(127, 1, 0, 0, 0, 4, 2, 1, '2016-11-26 14:16:54'),
(128, 1, 0, 0, 0, 4, 2, 1, '2016-11-26 14:20:41'),
(129, 1, 0, 0, 0, 4, 2, 1, '2016-11-26 14:26:39'),
(132, 1, 0, 0, 0, 4, 2, 1, '2016-11-26 14:30:17'),
(133, 1, 0, 0, 0, 4, 2, 1, '2016-11-26 14:33:18'),
(135, 1, 0, 0, 0, 4, 2, 1, '2016-11-26 14:34:45'),
(136, 1, 0, 0, 0, 4, 2, 1, '2016-11-26 14:37:58'),
(138, 1, 0, 0, 0, 4, 2, 1, '2016-11-26 14:41:33'),
(140, 1, 0, 0, 0, 4, 2, 1, '2016-11-26 14:42:41'),
(150, 1, 0, 0, 0, 4, 2, 1, '2016-11-26 14:51:54'),
(154, 1, 0, 0, 0, 4, 2, 1, '2016-11-26 14:53:54'),
(156, 1, 0, 0, 0, 4, 2, 1, '2016-11-26 15:08:18'),
(159, 1, 0, 0, 0, 4, 2, 1, '2016-11-26 15:17:15'),
(160, 1, 0, 0, 0, 4, 2, 1, '2016-11-26 15:17:19'),
(165, 1, 0, 0, 0, 4, 2, 1, '2016-11-26 15:43:48'),
(167, 1, 0, 0, 0, 4, 2, 1, '2016-11-26 16:54:33'),
(168, 1, 0, 0, 0, 4, 2, 1, '2016-11-26 16:57:43'),
(169, 1, 0, 0, 0, 4, 2, 1, '2016-11-26 16:59:36'),
(170, 1, 0, 0, 0, 4, 2, 1, '2016-11-26 17:02:30'),
(171, 1, 0, 0, 0, 4, 2, 1, '2016-11-26 17:11:31'),
(172, 1, 0, 0, 0, 4, 2, 1, '2016-11-26 17:13:07'),
(173, 1, 0, 0, 0, 4, 2, 1, '2016-11-26 17:13:19'),
(174, 1, 0, 0, 0, 4, 2, 1, '2016-11-26 17:20:03'),
(175, 1, 0, 0, 0, 4, 2, 1, '2016-11-26 17:23:07'),
(176, 1, 0, 0, 0, 4, 2, 1, '2016-11-26 17:29:01'),
(177, 1, 0, 0, 0, 4, 2, 1, '2016-11-26 17:30:37'),
(178, 1, 0, 0, 0, 4, 2, 1, '2016-11-26 17:31:13'),
(179, 1, 0, 0, 0, 4, 2, 1, '2016-11-26 17:32:34'),
(180, 1, 0, 0, 0, 4, 2, 1, '2016-11-26 17:58:22'),
(181, 1, 0, 0, 0, 4, 2, 1, '2016-11-26 18:15:40'),
(182, 1, 0, 0, 0, 4, 2, 1, '2016-11-26 18:43:30'),
(183, 1, 0, 0, 0, 4, 2, 1, '2016-11-26 18:46:09'),
(184, 1, 0, 0, 0, 4, 2, 1, '2016-11-26 18:46:44'),
(185, 1, 0, 0, 0, 4, 2, 1, '2016-11-27 17:36:46'),
(186, 1, 0, 0, 0, 4, 2, 1, '2016-11-27 17:47:17'),
(187, 1, 0, 0, 0, 4, 2, 1, '2016-11-27 17:48:22'),
(188, 1, 0, 0, 0, 4, 2, 1, '2016-11-27 17:51:55'),
(189, 1, 0, 0, 0, 4, 2, 1, '2016-11-27 17:57:05'),
(190, 1, 0, 0, 0, 4, 2, 1, '2016-11-27 17:58:53'),
(191, 1, 0, 0, 0, 4, 2, 1, '2016-11-27 18:05:53'),
(193, 1, 0, 0, 0, 4, 2, 1, '2016-11-27 18:14:51'),
(196, 1, 0, 0, 0, 4, 2, 1, '2016-11-27 18:19:51'),
(198, 1, 0, 0, 0, 4, 2, 1, '2016-11-27 18:21:58'),
(200, 1, 0, 0, 0, 4, 2, 1, '2016-11-27 18:25:37'),
(202, 1, 0, 0, 0, 4, 2, 1, '2016-11-27 18:29:23'),
(204, 1, 0, 0, 0, 4, 2, 1, '2016-11-27 18:32:07'),
(207, 1, 0, 0, 0, 4, 2, 1, '2016-11-27 18:34:33'),
(208, 1, 0, 0, 0, 4, 2, 1, '2016-11-28 10:23:12'),
(211, 1, 0, 0, 0, 4, 2, 1, '2016-11-28 10:41:35'),
(214, 1, 0, 0, 0, 4, 2, 1, '2016-11-28 13:01:42'),
(215, 1, 0, 0, 0, 4, 2, 1, '2016-11-28 13:03:37'),
(216, 1, 0, 0, 0, 4, 2, 1, '2016-11-28 13:14:40'),
(219, 1, 0, 0, 0, 4, 2, 1, '2016-11-28 13:20:41'),
(221, 1, 0, 0, 0, 4, 2, 1, '2016-11-28 13:26:57'),
(222, 1, 0, 0, 0, 4, 2, 1, '2016-11-28 13:37:36'),
(225, 1, 0, 0, 0, 4, 2, 1, '2016-11-28 13:38:52'),
(227, 1, 0, 0, 0, 4, 2, 1, '2016-11-28 13:39:36'),
(230, 1, 0, 0, 0, 4, 2, 1, '2016-11-28 13:41:51'),
(231, 1, 0, 0, 0, 4, 2, 1, '2016-11-28 13:41:56'),
(238, 1, 0, 0, 0, 4, 2, 1, '2016-11-28 13:46:12'),
(242, 1, 0, 0, 0, 4, 2, 1, '2016-11-28 13:49:47'),
(246, 1, 0, 0, 0, 4, 2, 1, '2016-11-28 13:57:44'),
(247, 69, 0, 0, 0, 4, 2, 1, '2016-11-28 13:57:56'),
(251, 1, 0, 0, 0, 4, 2, 1, '2016-11-28 14:00:39'),
(252, 69, 0, 0, 0, 4, 2, 1, '2016-11-28 14:01:24'),
(253, 1, 29, 0, 0, 1, 2, 1, '2016-11-28 14:01:35'),
(254, 69, 0, 0, 0, 4, 2, 1, '2016-11-28 14:08:06'),
(255, 69, 0, 0, 0, 4, 2, 1, '2016-11-28 14:21:15'),
(256, 29, 0, 0, 0, 4, 2, 1, '2016-11-28 14:23:41'),
(257, 69, 0, 0, 0, 4, 2, 1, '2016-11-28 14:25:31'),
(258, 69, 0, 0, 0, 4, 2, 1, '2016-11-28 14:26:11'),
(259, 69, 0, 0, 0, 4, 2, 1, '2016-11-28 14:26:39'),
(260, 69, 0, 0, 0, 4, 2, 1, '2016-11-28 14:27:16'),
(261, 69, 0, 0, 0, 4, 2, 1, '2016-11-28 14:27:51'),
(262, 29, 0, 0, 0, 4, 2, 1, '2016-11-28 14:30:37'),
(263, 29, 0, 0, 0, 4, 2, 1, '2016-11-28 14:33:13'),
(264, 69, 0, 0, 0, 4, 2, 1, '2016-11-28 14:33:23'),
(265, 1, 0, 0, 0, 4, 2, 1, '2016-11-28 17:17:17'),
(266, 1, 0, 0, 0, 4, 2, 1, '2016-11-28 17:29:06'),
(267, 1, 0, 0, 0, 4, 2, 1, '2016-11-28 17:32:23'),
(268, 1, 0, 0, 0, 4, 2, 1, '2016-11-28 17:39:41'),
(269, 1, 0, 0, 0, 4, 2, 1, '2016-11-28 17:41:03'),
(270, 1, 0, 0, 0, 4, 2, 1, '2016-11-28 17:41:55'),
(271, 1, 0, 0, 0, 4, 2, 1, '2016-11-28 17:43:57'),
(272, 1, 0, 0, 0, 4, 2, 1, '2016-11-28 17:45:38'),
(273, 1, 0, 0, 0, 4, 2, 1, '2016-11-28 17:52:52'),
(275, 1, 0, 0, 0, 4, 2, 1, '2016-11-28 17:54:16'),
(277, 1, 0, 0, 0, 4, 2, 1, '2016-11-28 17:56:25'),
(279, 1, 0, 0, 0, 4, 2, 1, '2016-11-28 17:57:47'),
(281, 1, 0, 0, 0, 4, 2, 1, '2016-11-28 17:59:30'),
(283, 1, 0, 0, 0, 4, 2, 1, '2016-11-28 18:01:54'),
(284, 1, 29, 0, 0, 3, 2, 1, '2016-11-28 18:06:19'),
(285, 1, 0, 0, 0, 4, 2, 1, '2016-11-28 18:13:07'),
(286, 1, 0, 0, 0, 4, 2, 1, '2016-11-29 03:39:26'),
(287, 1, 70, 0, 0, 1, 2, 1, '2016-11-29 03:40:07'),
(288, 70, 0, 0, 0, 4, 2, 1, '2016-11-29 03:41:12'),
(289, 1, 0, 0, 0, 4, 2, 1, '2016-11-29 04:26:53'),
(290, 1, 0, 0, 0, 4, 2, 1, '2016-11-29 04:28:52'),
(291, 1, 0, 0, 0, 4, 2, 1, '2016-11-29 04:29:06'),
(292, 1, 0, 0, 0, 4, 2, 1, '2016-12-01 18:50:46'),
(293, 1, 0, 0, 0, 4, 2, 1, '2016-12-01 18:51:17'),
(294, 1, 0, 0, 0, 4, 2, 1, '2016-12-01 19:02:53'),
(295, 1, 0, 0, 0, 4, 2, 1, '2016-12-01 19:04:23'),
(296, 1, 0, 0, 0, 4, 2, 1, '2016-12-01 19:05:06'),
(297, 1, 0, 0, 0, 4, 2, 1, '2016-12-01 19:07:23'),
(298, 1, 0, 0, 0, 4, 2, 1, '2016-12-01 19:08:13'),
(299, 1, 0, 0, 0, 4, 2, 1, '2016-12-01 19:12:35'),
(300, 1, 0, 0, 0, 4, 2, 1, '2016-12-01 19:20:14'),
(301, 1, 0, 0, 0, 4, 2, 1, '2016-12-01 19:21:41'),
(302, 1, 0, 0, 0, 4, 2, 1, '2016-12-01 19:22:48'),
(303, 1, 0, 0, 0, 4, 2, 1, '2016-12-01 19:23:07'),
(304, 1, 0, 0, 0, 4, 2, 1, '2016-12-02 10:30:28'),
(305, 1, 0, 0, 0, 4, 2, 1, '2016-12-03 09:55:12'),
(306, 1, 0, 0, 0, 4, 2, 1, '2016-12-03 09:59:14'),
(307, 1, 0, 0, 0, 4, 2, 1, '2016-12-03 10:09:01'),
(308, 1, 0, 0, 0, 4, 2, 1, '2016-12-03 10:16:47'),
(309, 1, 0, 0, 0, 4, 2, 1, '2016-12-03 10:21:17'),
(310, 1, 0, 0, 0, 4, 2, 1, '2016-12-03 10:28:19'),
(311, 1, 0, 0, 0, 4, 2, 1, '2016-12-03 10:46:33'),
(312, 1, 0, 0, 0, 4, 2, 1, '2016-12-03 10:57:17'),
(313, 1, 71, 0, 0, 1, 2, 1, '2016-12-03 11:19:06'),
(314, 1, 0, 0, 0, 4, 2, 1, '2016-12-03 11:50:58'),
(315, 1, 0, 0, 0, 4, 2, 1, '2016-12-03 11:55:57'),
(316, 1, 0, 0, 0, 4, 2, 1, '2016-12-03 14:36:35'),
(317, 1, 0, 0, 0, 4, 2, 1, '2016-12-03 16:02:07'),
(318, 1, 0, 0, 0, 4, 2, 1, '2016-12-03 16:14:23'),
(319, 1, 0, 0, 0, 4, 2, 1, '2016-12-03 16:16:16'),
(320, 1, 0, 0, 0, 4, 2, 1, '2016-12-03 17:15:53'),
(321, 1, 0, 0, 0, 4, 2, 1, '2016-12-03 17:47:41'),
(322, 1, 0, 0, 0, 4, 2, 1, '2016-12-03 17:52:02'),
(323, 1, 0, 0, 0, 4, 2, 1, '2016-12-03 17:54:49'),
(324, 1, 0, 0, 0, 4, 2, 1, '2016-12-03 18:50:04'),
(325, 1, 0, 0, 0, 4, 2, 1, '2016-12-04 06:26:00'),
(326, 1, 0, 0, 0, 4, 2, 1, '2016-12-04 07:23:43'),
(327, 1, 0, 0, 0, 4, 2, 1, '2016-12-04 07:25:52'),
(328, 1, 0, 0, 0, 4, 2, 1, '2016-12-04 08:25:49'),
(329, 1, 0, 0, 0, 4, 2, 1, '2016-12-04 10:26:32'),
(330, 1, 0, 0, 0, 4, 2, 1, '2016-12-04 10:33:01'),
(331, 1, 0, 0, 0, 4, 2, 1, '2016-12-04 10:35:35'),
(332, 1, 0, 0, 0, 4, 2, 1, '2016-12-04 10:36:22'),
(333, 1, 0, 0, 0, 4, 2, 1, '2016-12-04 10:38:38'),
(334, 1, 0, 0, 0, 4, 2, 1, '2016-12-04 10:45:05'),
(335, 1, 0, 0, 0, 4, 2, 1, '2016-12-05 08:23:24'),
(336, 1, 0, 0, 0, 4, 2, 1, '2016-12-05 09:47:47'),
(337, 1, 0, 0, 0, 4, 2, 1, '2016-12-05 10:29:23'),
(338, 1, 0, 0, 0, 4, 2, 1, '2016-12-05 11:31:18'),
(339, 1, 0, 0, 0, 4, 2, 1, '2016-12-05 11:37:48'),
(340, 1, 0, 0, 0, 4, 2, 1, '2016-12-05 11:44:08'),
(341, 1, 0, 0, 0, 4, 2, 1, '2016-12-05 12:32:28'),
(342, 1, 0, 0, 0, 4, 2, 1, '2016-12-05 13:08:13'),
(343, 1, 0, 0, 0, 4, 2, 1, '2016-12-05 13:37:06'),
(344, 1, 0, 0, 0, 4, 2, 1, '2016-12-05 13:43:16'),
(345, 1, 0, 0, 0, 4, 2, 1, '2016-12-05 14:39:08'),
(346, 1, 0, 0, 0, 4, 2, 1, '2016-12-05 14:51:39'),
(347, 1, 0, 0, 0, 4, 2, 1, '2016-12-05 14:54:02'),
(348, 1, 0, 0, 0, 4, 2, 1, '2016-12-05 14:57:50'),
(349, 1, 0, 0, 0, 4, 2, 1, '2016-12-05 14:58:28'),
(350, 1, 0, 0, 0, 4, 2, 1, '2016-12-05 15:18:08'),
(351, 1, 0, 0, 0, 4, 2, 1, '2016-12-05 15:20:05'),
(352, 1, 0, 0, 0, 4, 2, 1, '2016-12-05 15:20:59'),
(353, 1, 0, 0, 0, 4, 2, 1, '2016-12-05 15:22:39'),
(354, 1, 0, 0, 0, 4, 2, 1, '2016-12-05 15:24:42'),
(355, 1, 0, 0, 0, 4, 2, 1, '2016-12-05 15:26:01'),
(356, 1, 0, 0, 0, 4, 2, 1, '2016-12-05 15:27:45'),
(357, 1, 0, 0, 0, 4, 2, 1, '2016-12-05 15:29:05'),
(358, 1, 0, 0, 0, 4, 2, 1, '2016-12-05 15:31:36'),
(359, 1, 0, 0, 0, 4, 2, 1, '2016-12-05 15:35:08'),
(360, 1, 0, 0, 0, 4, 2, 1, '2016-12-05 15:36:01'),
(361, 1, 0, 0, 0, 4, 2, 1, '2016-12-05 15:36:49'),
(362, 1, 0, 0, 0, 4, 2, 1, '2016-12-05 16:00:59'),
(363, 1, 0, 0, 0, 4, 2, 1, '2016-12-05 16:03:55'),
(364, 1, 0, 0, 0, 4, 2, 1, '2016-12-05 16:04:49'),
(365, 1, 0, 0, 0, 4, 2, 1, '2016-12-05 16:05:49'),
(366, 1, 0, 0, 0, 4, 2, 1, '2016-12-05 16:05:54'),
(367, 1, 0, 0, 0, 4, 2, 1, '2016-12-05 16:06:24'),
(368, 1, 0, 0, 0, 4, 2, 1, '2016-12-05 16:06:26'),
(369, 1, 0, 0, 0, 4, 2, 1, '2016-12-05 16:06:28'),
(370, 1, 0, 0, 0, 4, 2, 1, '2016-12-05 16:06:32'),
(371, 1, 0, 0, 0, 4, 2, 1, '2016-12-05 17:15:16'),
(372, 1, 0, 0, 0, 4, 2, 1, '2016-12-05 19:10:00'),
(373, 1, 0, 0, 0, 4, 2, 1, '2016-12-05 19:18:48'),
(374, 1, 0, 0, 0, 4, 2, 1, '2016-12-05 19:21:08'),
(375, 1, 0, 0, 0, 4, 2, 1, '2016-12-05 19:24:41'),
(376, 1, 0, 0, 0, 4, 2, 1, '2016-12-06 03:09:39'),
(377, 1, 0, 0, 0, 4, 2, 1, '2016-12-06 03:24:59'),
(378, 1, 0, 0, 0, 4, 2, 1, '2016-12-06 03:26:20'),
(379, 1, 0, 0, 0, 4, 2, 1, '2016-12-06 03:53:22'),
(380, 1, 0, 0, 0, 4, 2, 1, '2016-12-06 04:06:01'),
(381, 69, 0, 0, 0, 4, 2, 1, '2016-12-06 04:22:37'),
(382, 1, 0, 0, 0, 4, 2, 1, '2016-12-06 05:48:03'),
(383, 1, 0, 0, 0, 4, 2, 1, '2016-12-06 05:48:23'),
(384, 1, 0, 0, 0, 4, 2, 1, '2016-12-06 05:54:18'),
(385, 1, 0, 0, 0, 4, 2, 1, '2016-12-06 06:03:56'),
(386, 1, 0, 0, 0, 4, 2, 1, '2016-12-06 07:03:30'),
(387, 1, 0, 0, 0, 4, 2, 1, '2016-12-06 07:35:14'),
(388, 1, 0, 0, 0, 4, 2, 1, '2016-12-06 09:12:13'),
(389, 1, 0, 0, 0, 4, 2, 1, '2016-12-06 09:13:41'),
(390, 1, 0, 0, 0, 4, 2, 1, '2016-12-06 09:14:12'),
(391, 1, 0, 0, 0, 4, 2, 1, '2016-12-06 09:25:51'),
(392, 1, 0, 0, 0, 4, 2, 1, '2016-12-06 09:27:11'),
(393, 1, 0, 0, 0, 4, 2, 1, '2016-12-06 09:29:59'),
(394, 1, 0, 0, 0, 4, 2, 1, '2016-12-06 09:31:53'),
(395, 1, 0, 0, 0, 4, 2, 1, '2016-12-06 09:33:44'),
(396, 1, 0, 0, 0, 4, 2, 1, '2016-12-08 05:19:09'),
(397, 1, 0, 0, 0, 4, 2, 1, '2016-12-08 17:20:59'),
(398, 1, 0, 0, 0, 4, 2, 1, '2016-12-08 17:27:15'),
(399, 1, 0, 0, 0, 4, 2, 1, '2016-12-08 17:28:01'),
(400, 1, 0, 0, 0, 4, 2, 1, '2016-12-08 17:29:43'),
(401, 1, 0, 0, 0, 4, 2, 1, '2016-12-08 17:32:08'),
(402, 1, 0, 0, 0, 4, 2, 1, '2016-12-08 17:34:27'),
(403, 1, 0, 0, 3, 1, 3, 1, '2016-12-08 17:34:37'),
(404, 1, 0, 0, 0, 4, 2, 1, '2016-12-08 17:48:12'),
(405, 1, 0, 0, 0, 4, 2, 1, '2016-12-08 18:00:35'),
(406, 1, 0, 0, 0, 4, 2, 1, '2016-12-08 18:02:12'),
(407, 1, 0, 0, 0, 4, 2, 1, '2016-12-08 18:05:17'),
(408, 1, 0, 0, 0, 4, 2, 1, '2016-12-08 18:10:32'),
(409, 1, 0, 0, 4, 1, 3, 1, '2016-12-08 18:10:46'),
(410, 1, 0, 0, 0, 4, 2, 1, '2016-12-09 08:22:28'),
(411, 1, 0, 0, 0, 4, 2, 1, '2016-12-09 10:05:50'),
(412, 1, 0, 0, 0, 4, 2, 1, '2016-12-09 11:39:44'),
(413, 1, 0, 0, 0, 4, 2, 1, '2016-12-09 11:45:40'),
(414, 1, 0, 0, 0, 4, 2, 1, '2016-12-09 11:48:25'),
(415, 1, 0, 0, 0, 4, 2, 1, '2016-12-09 11:57:07'),
(416, 1, 0, 0, 0, 4, 2, 1, '2016-12-09 11:58:24'),
(417, 1, 0, 0, 0, 4, 2, 1, '2016-12-10 15:09:56'),
(418, 1, 0, 0, 0, 4, 2, 1, '2016-12-10 16:04:53'),
(419, 1, 0, 0, 0, 4, 2, 1, '2016-12-10 16:04:53'),
(420, 1, 0, 0, 0, 4, 2, 1, '2016-12-11 09:40:09'),
(421, 1, 0, 0, 0, 4, 2, 1, '2016-12-11 09:44:46'),
(422, 1, 0, 0, 0, 4, 2, 1, '2016-12-11 09:46:35'),
(423, 1, 0, 0, 0, 4, 2, 1, '2016-12-11 09:49:12'),
(424, 1, 0, 0, 0, 4, 2, 1, '2016-12-11 09:50:49'),
(426, 1, 0, 0, 0, 4, 2, 1, '2016-12-11 09:52:54'),
(427, 1, 0, 0, 0, 4, 2, 1, '2016-12-11 09:55:35'),
(428, 1, 0, 2, 0, 1, 1, 1, '2016-12-11 09:57:35'),
(429, 1, 0, 3, 0, 1, 1, 1, '2016-12-11 09:57:53'),
(430, 1, 0, 4, 0, 1, 1, 1, '2016-12-11 10:02:24'),
(431, 1, 0, 5, 0, 1, 1, 1, '2016-12-11 10:02:56'),
(432, 1, 0, 0, 0, 4, 2, 1, '2016-12-11 10:14:14'),
(433, 1, 0, 6, 0, 1, 1, 1, '2016-12-11 10:18:13'),
(434, 1, 0, 0, 0, 4, 2, 1, '2016-12-11 10:22:01'),
(435, 1, 0, 0, 0, 4, 2, 1, '2016-12-11 11:30:50'),
(436, 1, 0, 0, 0, 4, 2, 1, '2016-12-11 11:32:53'),
(437, 1, 0, 0, 0, 4, 2, 1, '2016-12-11 13:30:04'),
(438, 1, 0, 0, 0, 4, 2, 1, '2016-12-11 13:48:55'),
(441, 1, 0, 0, 0, 4, 2, 1, '2016-12-11 15:25:07'),
(442, 1, 0, 0, 6, 1, 3, 1, '2016-12-11 17:29:13'),
(443, 1, 0, 0, 0, 4, 2, 1, '2016-12-11 17:29:39'),
(444, 1, 0, 0, 7, 1, 3, 1, '2016-12-11 17:30:15'),
(446, 1, 0, 0, 0, 4, 2, 1, '2016-12-11 18:33:43'),
(447, 1, 0, 0, 0, 4, 2, 1, '2016-12-11 18:49:39'),
(448, 1, 0, 0, 0, 4, 2, 1, '2016-12-11 18:55:33'),
(449, 1, 0, 0, 0, 4, 2, 1, '2016-12-11 18:58:09'),
(450, 1, 0, 0, 0, 4, 2, 1, '2016-12-11 18:59:13'),
(451, 1, 0, 0, 0, 4, 2, 1, '2016-12-11 19:01:46'),
(452, 1, 0, 0, 0, 4, 2, 1, '2016-12-11 19:05:00'),
(453, 1, 0, 0, 0, 4, 2, 1, '2016-12-11 19:05:44'),
(454, 1, 0, 0, 0, 4, 2, 1, '2016-12-11 19:13:00'),
(455, 1, 0, 0, 0, 4, 2, 1, '2016-12-11 19:15:56'),
(456, 1, 0, 0, 0, 4, 2, 1, '2016-12-11 19:18:22'),
(457, 1, 0, 0, 0, 4, 2, 1, '2016-12-11 19:46:23'),
(458, 1, 0, 0, 0, 4, 2, 1, '2016-12-11 19:50:48'),
(459, 1, 0, 0, 0, 4, 2, 1, '2016-12-11 19:52:05'),
(460, 1, 0, 0, 0, 4, 2, 1, '2016-12-11 19:56:49'),
(461, 1, 0, 0, 0, 4, 2, 1, '2016-12-11 20:11:11'),
(462, 1, 0, 0, 0, 4, 2, 1, '2016-12-11 20:11:20'),
(463, 1, 29, 0, 0, 8, 2, 1, '2016-12-11 20:12:11'),
(464, 1, 0, 0, 0, 4, 2, 1, '2016-12-11 20:14:14'),
(465, 1, 29, 0, 0, 3, 2, 1, '2016-12-11 20:15:55'),
(466, 1, 29, 0, 0, 8, 2, 1, '2016-12-11 20:16:11'),
(467, 1, 0, 0, 0, 4, 2, 1, '2016-12-11 20:30:37'),
(468, 1, 0, 0, 0, 4, 2, 1, '2016-12-11 20:31:45'),
(469, 1, 0, 0, 0, 4, 2, 1, '2016-12-11 20:33:11'),
(470, 1, 0, 0, 0, 4, 2, 1, '2016-12-11 20:35:22'),
(471, 1, 0, 0, 0, 4, 2, 1, '2016-12-11 20:37:13'),
(472, 1, 0, 0, 0, 4, 2, 1, '2016-12-11 20:38:02'),
(473, 1, 0, 0, 0, 4, 2, 1, '2016-12-11 21:02:50'),
(474, 1, 0, 0, 0, 4, 2, 1, '2016-12-11 21:04:16'),
(475, 1, 0, 0, 0, 4, 2, 1, '2016-12-11 21:04:47'),
(476, 1, 0, 0, 0, 4, 2, 1, '2016-12-11 21:09:31'),
(477, 1, 0, 0, 0, 4, 2, 1, '2016-12-12 08:02:35'),
(478, 1, 0, 0, 0, 4, 2, 1, '2016-12-12 08:34:44'),
(479, 1, 0, 0, 0, 4, 2, 1, '2016-12-12 08:38:28'),
(480, 1, 0, 0, 0, 4, 2, 1, '2016-12-12 08:45:16'),
(481, 1, 0, 0, 9, 1, 3, 1, '2016-12-12 08:46:30'),
(482, 1, 0, 7, 0, 1, 1, 1, '2016-12-12 08:48:35'),
(483, 1, 0, 0, 0, 4, 2, 1, '2016-12-12 09:45:48'),
(484, 1, 0, 0, 0, 4, 2, 1, '2016-12-12 09:47:00'),
(485, 1, 0, 0, 0, 4, 2, 1, '2016-12-12 09:47:10'),
(486, 1, 0, 0, 0, 4, 2, 1, '2016-12-12 10:01:22'),
(487, 1, 0, 0, 0, 4, 2, 1, '2016-12-12 10:02:56'),
(488, 1, 0, 0, 0, 4, 2, 1, '2016-12-12 10:04:38'),
(489, 1, 0, 0, 0, 4, 2, 1, '2016-12-12 10:08:49'),
(490, 1, 0, 0, 0, 4, 2, 1, '2016-12-12 10:13:56'),
(491, 1, 0, 0, 0, 4, 2, 1, '2016-12-12 10:16:56'),
(492, 1, 0, 0, 0, 4, 2, 1, '2016-12-12 10:18:17'),
(493, 1, 0, 0, 0, 4, 2, 1, '2016-12-12 10:27:33'),
(494, 29, 0, 0, 0, 4, 2, 1, '2016-12-12 11:02:52'),
(495, 1, 0, 0, 10, 1, 3, 1, '2016-12-12 11:06:33'),
(496, 29, 0, 8, 0, 1, 1, 1, '2016-12-12 11:08:05'),
(497, 1, 0, 0, 0, 4, 2, 1, '2016-12-12 13:22:36'),
(498, 1, 0, 0, 0, 4, 2, 1, '2016-12-12 13:54:00'),
(499, 1, 0, 0, 0, 4, 2, 1, '2016-12-12 14:35:54'),
(500, 1, 0, 0, 0, 4, 2, 1, '2016-12-12 15:10:16'),
(501, 1, 0, 0, 0, 4, 2, 1, '2016-12-12 15:14:40'),
(502, 1, 0, 0, 0, 4, 2, 1, '2016-12-12 15:15:51'),
(503, 1, 0, 0, 0, 4, 2, 1, '2016-12-12 15:32:01');

-- --------------------------------------------------------

--
-- Table structure for table `log_type`
--

CREATE TABLE `log_type` (
  `id` int(11) NOT NULL,
  `type` varchar(15) NOT NULL
) ENGINE=InnoDB DEFAULT CHARSET=latin1;

--
-- Dumping data for table `log_type`
--

INSERT INTO `log_type` (`id`, `type`) VALUES
(1, 'Inventory'),
(2, 'Account'),
(3, 'Category');

-- --------------------------------------------------------

--
-- Table structure for table `reset`
--

CREATE TABLE `reset` (
  `id` int(11) NOT NULL,
  `user` int(11) NOT NULL,
  `code` varchar(15) NOT NULL,
  `timestamp` timestamp NOT NULL DEFAULT CURRENT_TIMESTAMP ON UPDATE CURRENT_TIMESTAMP
) ENGINE=InnoDB DEFAULT CHARSET=latin1;

--
-- Dumping data for table `reset`
--

INSERT INTO `reset` (`id`, `user`, `code`, `timestamp`) VALUES
(1, 3, 'PLW5AYAFeFxSLER', '2016-11-16 17:46:51'),
(3, 9, 's8AJ0yJe6Hq686M', '2016-11-22 03:47:03'),
(4, 11, 'qAcqrDXAED0Hzhw', '2016-11-26 12:35:28'),
(5, 13, 'bfNL85B0uXxfeqX', '2016-11-26 12:43:41'),
(6, 14, 'BwfGfH8oNeMLHTN', '2016-11-26 14:08:42'),
(10, 25, 'fpUWeJewrbkvfva', '2016-11-28 10:45:31'),
(11, 0, '7X2wBYH3GwtnhJa', '2016-11-28 13:26:37'),
(12, 26, 'EopdnsumsQimFPc', '2016-11-28 13:46:31'),
(13, 27, 'RCOaVwRutvwmQ8x', '2016-11-28 13:47:21'),
(14, 28, 'sdPIWA1BOLQQFP7', '2016-11-28 13:55:41'),
(15, 29, 'l7dx7RKG4vmZ4RX', '2016-11-28 14:01:35'),
(16, 70, 'fRM1zc1DeR7Q3PI', '2016-11-29 03:40:07'),
(17, 71, 'hwDx0cwBx9q4LY3', '2016-12-03 11:19:06'),
(18, 1, 'ZygOAwMzxbGq7OF', '2016-12-05 13:47:53');

-- --------------------------------------------------------

--
-- Table structure for table `status`
--

CREATE TABLE `status` (
  `id` int(11) NOT NULL,
  `name` varchar(30) NOT NULL
) ENGINE=InnoDB DEFAULT CHARSET=latin1;

--
-- Dumping data for table `status`
--

INSERT INTO `status` (`id`, `name`) VALUES
(1, 'Working'),
(2, 'Repairing'),
(3, 'Defective');

--
-- Indexes for dumped tables
--

--
-- Indexes for table `account`
--
ALTER TABLE `account`
  ADD PRIMARY KEY (`id`),
  ADD UNIQUE KEY `email` (`email`);

--
-- Indexes for table `account_type`
--
ALTER TABLE `account_type`
  ADD PRIMARY KEY (`id`);

--
-- Indexes for table `action`
--
ALTER TABLE `action`
  ADD PRIMARY KEY (`id`);

--
-- Indexes for table `category`
--
ALTER TABLE `category`
  ADD PRIMARY KEY (`id`);

--
-- Indexes for table `component`
--
ALTER TABLE `component`
  ADD PRIMARY KEY (`id`);

--
-- Indexes for table `deploy`
--
ALTER TABLE `deploy`
  ADD PRIMARY KEY (`id`);

--
-- Indexes for table `item`
--
ALTER TABLE `item`
  ADD PRIMARY KEY (`id`),
  ADD UNIQUE KEY `serial` (`serial`);

--
-- Indexes for table `logs`
--
ALTER TABLE `logs`
  ADD PRIMARY KEY (`id`);

--
-- Indexes for table `log_type`
--
ALTER TABLE `log_type`
  ADD PRIMARY KEY (`id`);

--
-- Indexes for table `reset`
--
ALTER TABLE `reset`
  ADD PRIMARY KEY (`id`);

--
-- Indexes for table `status`
--
ALTER TABLE `status`
  ADD PRIMARY KEY (`id`);

--
-- AUTO_INCREMENT for dumped tables
--

--
-- AUTO_INCREMENT for table `account`
--
ALTER TABLE `account`
  MODIFY `id` int(11) NOT NULL AUTO_INCREMENT, AUTO_INCREMENT=72;
--
-- AUTO_INCREMENT for table `account_type`
--
ALTER TABLE `account_type`
  MODIFY `id` int(11) NOT NULL AUTO_INCREMENT, AUTO_INCREMENT=3;
--
-- AUTO_INCREMENT for table `action`
--
ALTER TABLE `action`
  MODIFY `id` int(11) NOT NULL AUTO_INCREMENT, AUTO_INCREMENT=12;
--
-- AUTO_INCREMENT for table `category`
--
ALTER TABLE `category`
  MODIFY `id` int(3) NOT NULL AUTO_INCREMENT, AUTO_INCREMENT=11;
--
-- AUTO_INCREMENT for table `component`
--
ALTER TABLE `component`
  MODIFY `id` int(11) NOT NULL AUTO_INCREMENT, AUTO_INCREMENT=5;
--
-- AUTO_INCREMENT for table `deploy`
--
ALTER TABLE `deploy`
  MODIFY `id` int(11) NOT NULL AUTO_INCREMENT, AUTO_INCREMENT=9;
--
-- AUTO_INCREMENT for table `item`
--
ALTER TABLE `item`
  MODIFY `id` int(11) NOT NULL AUTO_INCREMENT, AUTO_INCREMENT=9;
--
-- AUTO_INCREMENT for table `logs`
--
ALTER TABLE `logs`
  MODIFY `id` int(11) NOT NULL AUTO_INCREMENT, AUTO_INCREMENT=504;
--
-- AUTO_INCREMENT for table `log_type`
--
ALTER TABLE `log_type`
  MODIFY `id` int(11) NOT NULL AUTO_INCREMENT, AUTO_INCREMENT=4;
--
-- AUTO_INCREMENT for table `reset`
--
ALTER TABLE `reset`
  MODIFY `id` int(11) NOT NULL AUTO_INCREMENT, AUTO_INCREMENT=19;
--
-- AUTO_INCREMENT for table `status`
--
ALTER TABLE `status`
  MODIFY `id` int(11) NOT NULL AUTO_INCREMENT, AUTO_INCREMENT=4;
/*!40101 SET CHARACTER_SET_CLIENT=@OLD_CHARACTER_SET_CLIENT */;
/*!40101 SET CHARACTER_SET_RESULTS=@OLD_CHARACTER_SET_RESULTS */;
/*!40101 SET COLLATION_CONNECTION=@OLD_COLLATION_CONNECTION */;
