-- phpMyAdmin SQL Dump
-- version 4.5.1
-- http://www.phpmyadmin.net
--
-- Host: 127.0.0.1
-- Generation Time: Jan 30, 2017 at 04:10 PM
-- Server version: 10.1.8-MariaDB
-- PHP Version: 5.6.14

SET SQL_MODE = "NO_AUTO_VALUE_ON_ZERO";
SET time_zone = "+00:00";


/*!40101 SET @OLD_CHARACTER_SET_CLIENT=@@CHARACTER_SET_CLIENT */;
/*!40101 SET @OLD_CHARACTER_SET_RESULTS=@@CHARACTER_SET_RESULTS */;
/*!40101 SET @OLD_COLLATION_CONNECTION=@@COLLATION_CONNECTION */;
/*!40101 SET NAMES utf8mb4 */;

--
-- Database: `aims`
--

-- --------------------------------------------------------

--
-- Table structure for table `account`
--

CREATE TABLE `account` (
  `id` int(11) NOT NULL,
  `password` varchar(100) NOT NULL,
  `email` varchar(50) NOT NULL,
  `first_name` varchar(50) NOT NULL,
  `last_name` varchar(50) NOT NULL,
  `type` int(11) NOT NULL,
  `isVisible` int(11) NOT NULL
) ENGINE=InnoDB DEFAULT CHARSET=latin1;

--
-- Dumping data for table `account`
--

INSERT INTO `account` (`id`, `password`, `email`, `first_name`, `last_name`, `type`, `isVisible`) VALUES
(1, 'Bxu3vNZaJbHg8I/ctCUChrqH56linY0CVhEDcMAZ9dhxMI1hiyYBXAocD1goEpyuXg68QjC8We2BPFayJ6cLiA==', 'bryce27923@gmail.com', 'Bryce', 'Deyto', 1, 1),
(29, 'aPSlwLgVDMFeRxAB+0s2AwVI6BjLDknjeNlnTpdBRDdhCs2wPtBoLl0y07rDBDVjegKo5UhLEVJei6t6VyGceA==', 'brays_420@yahoo.com', 'Brays', 'Bryce', 2, 1),
(69, 'jZggcsmihIAxQuiFnuTLCGY7rfWn3zs2rqGBmA6t7/zoaRoHEI3Dv+6s6gMbJMgaloVBFPYevtAF1HtXo3XFUA==', 'ana.albano05@gmail.com', 'Mei', 'Albano', 1, 1),
(70, 'SbSayug+xnQQYdavhdBSvUTsHgranJ4NoUAzzK/xJ4OPzHlugmzKC07vnvD/hmKpt1sElnCB/Q1NHfk1qolMhw==', 'cleavantsarte40@gmail.com', 'Cleavant Nigel', 'Sarte', 2, 1),
(71, 'Js8OMlYjlSKUAT6yFMdcNz9SolIzEFeieYkGrO/qrQsVYdF0hqOpkLeOqbXl2XImcnW5JZCOfGsBiOFmq4EwWg==', 'brays.420@gmail.com', 'Francis', 'Quintano', 2, 1),
(72, ' ', '201501280@iacademy.edu.ph', 'Francis', 'Deyto', 2, 1),
(73, ' ', 'test@account', 'Test', 'Account', 2, 2);

-- --------------------------------------------------------

--
-- Table structure for table `account_type`
--

CREATE TABLE `account_type` (
  `id` int(11) NOT NULL,
  `type` varchar(15) NOT NULL
) ENGINE=InnoDB DEFAULT CHARSET=latin1;

--
-- Dumping data for table `account_type`
--

INSERT INTO `account_type` (`id`, `type`) VALUES
(1, 'Supervisor'),
(2, 'Staff');

-- --------------------------------------------------------

--
-- Table structure for table `action`
--

CREATE TABLE `action` (
  `id` int(11) NOT NULL,
  `action` varchar(20) NOT NULL
) ENGINE=InnoDB DEFAULT CHARSET=latin1;

--
-- Dumping data for table `action`
--

INSERT INTO `action` (`id`, `action`) VALUES
(1, 'Added'),
(2, 'Edited'),
(3, 'Deactivated'),
(4, 'Logged in'),
(5, 'Reset'),
(6, 'Generated'),
(7, 'Approved'),
(8, 'Reactivated'),
(9, 'Deleted'),
(10, 'Deployed'),
(11, 'Pulled Out');

-- --------------------------------------------------------

--
-- Table structure for table `category`
--

CREATE TABLE `category` (
  `id` int(3) NOT NULL,
  `name` varchar(20) NOT NULL,
  `icon` varchar(40) NOT NULL,
  `count` int(11) NOT NULL DEFAULT '0',
  `isVisible` tinyint(1) NOT NULL
) ENGINE=InnoDB DEFAULT CHARSET=latin1;

--
-- Dumping data for table `category`
--

INSERT INTO `category` (`id`, `name`, `icon`, `count`, `isVisible`) VALUES
(1, 'Other', 'fa fa-gears', 0, 1),
(2, 'Keyboard', 'fa fa-keyboard-o', 5, 1),
(3, 'Wires&#x2f;Cables', 'fa fa-link', 4, 1),
(4, 'Display', 'glyphicon glyphicon-blackboard', 2, 1),
(5, 'Mouse', 'ion ion-mouse', 4, 1),
(6, 'Drive', 'glyphicon glyphicon-hdd', 1, 1),
(7, 'Printer', 'ion ion-android-print', 1, 1),
(9, 'Desktop', 'fa fa-desktop', 10, 1),
(10, 'Laptop', 'fa fa-laptop', 3, 1),
(11, 'Software', 'glyphicon glyphicon-cd', 0, 1),
(12, 'Router', 'fa fa-wifi', 1, 1),
(13, 'RAM', 'ion ion-ios-barcode', 0, 1),
(14, 'Switch', 'ion ion-network', 0, 1),
(15, 'Mobile', 'fa fa-mobile', 0, 1);

-- --------------------------------------------------------

--
-- Table structure for table `component`
--

CREATE TABLE `component` (
  `id` int(11) NOT NULL,
  `main_item` int(11) NOT NULL,
  `target_item` int(11) NOT NULL
) ENGINE=InnoDB DEFAULT CHARSET=latin1;

--
-- Dumping data for table `component`
--

INSERT INTO `component` (`id`, `main_item`, `target_item`) VALUES
(14, 24, 23),
(15, 24, 2),
(16, 30, 22);

-- --------------------------------------------------------

--
-- Table structure for table `dashboard`
--

CREATE TABLE `dashboard` (
  `id` int(1) NOT NULL,
  `name` varchar(50) NOT NULL,
  `type` int(1) NOT NULL,
  `isVisible` int(1) NOT NULL
) ENGINE=InnoDB DEFAULT CHARSET=latin1;

--
-- Dumping data for table `dashboard`
--

INSERT INTO `dashboard` (`id`, `name`, `type`, `isVisible`) VALUES
(1, 'Latest Orders', 2, 1),
(2, 'Most Used Items', 2, 1),
(3, 'Recent Activities', 2, 0),
(4, 'Categories', 2, 0),
(5, 'Item Count', 1, 1),
(6, 'Accounts Count', 1, 1),
(7, 'Defective Items', 1, 0),
(8, 'Deployed Items', 1, 1),
(9, 'For Repair', 1, 0),
(10, 'In Stock', 1, 0),
(11, 'Other', 3, 0),
(12, 'Keyboard', 3, 0),
(13, 'Wires&#x2f;Cables', 3, 0),
(14, 'Display', 3, 0),
(15, 'Mouse', 3, 0),
(16, 'Drive', 3, 0),
(17, 'Printer', 3, 0),
(18, 'Desktop', 3, 0),
(19, 'Laptop', 3, 0),
(20, 'Software', 3, 0),
(21, 'Router', 3, 0),
(22, 'RAM', 3, 0),
(23, 'Switch', 3, 0);

-- --------------------------------------------------------

--
-- Table structure for table `dashboard_type`
--

CREATE TABLE `dashboard_type` (
  `id` int(11) NOT NULL,
  `type` varchar(10) NOT NULL
) ENGINE=InnoDB DEFAULT CHARSET=latin1;

--
-- Dumping data for table `dashboard_type`
--

INSERT INTO `dashboard_type` (`id`, `type`) VALUES
(1, 'Top'),
(2, 'Bottom'),
(3, 'Category');

-- --------------------------------------------------------

--
-- Table structure for table `deploy`
--

CREATE TABLE `deploy` (
  `id` int(11) NOT NULL,
  `user` int(11) NOT NULL,
  `item` int(11) NOT NULL,
  `type` int(2) NOT NULL DEFAULT '2',
  `status` int(11) NOT NULL,
  `remarks` varchar(30) NOT NULL,
  `location` varchar(30) NOT NULL,
  `lastActivity` int(11) NOT NULL,
  `timestamp` timestamp NOT NULL DEFAULT CURRENT_TIMESTAMP ON UPDATE CURRENT_TIMESTAMP
) ENGINE=InnoDB DEFAULT CHARSET=latin1;

--
-- Dumping data for table `deploy`
--

INSERT INTO `deploy` (`id`, `user`, `item`, `type`, `status`, `remarks`, `location`, `lastActivity`, `timestamp`) VALUES
(1, 1, 1, 1, 1, 'In-Stock', 'Stock Room', 0, '2017-01-16 08:38:22'),
(2, 1, 2, 1, 1, 'In-Stock', 'Stock Room', 0, '2017-01-16 08:38:24'),
(3, 1, 3, 1, 1, 'In-Stock', 'Stock Room', 0, '2017-01-16 08:38:26'),
(4, 1, 4, 1, 1, 'In-Stock', 'Stock Room', 0, '2017-01-16 08:38:29'),
(5, 1, 5, 1, 1, 'In-Stock', 'Stock Room', 0, '2017-01-16 08:38:31'),
(6, 1, 6, 1, 1, 'In-Stock', 'Stock Room', 0, '2017-01-16 08:38:33'),
(7, 1, 7, 1, 1, 'In-Stock', 'Stock Room', 0, '2017-01-16 08:38:35'),
(9, 1, 10, 1, 1, 'In-Stock', 'Stock Room', 0, '2017-01-16 08:38:36'),
(10, 1, 11, 1, 1, 'In-Stock', 'Stock Room', 0, '2017-01-16 08:38:39'),
(11, 1, 12, 1, 1, 'In-Stock', 'Stock Room', 0, '2017-01-16 08:38:43'),
(12, 29, 13, 1, 1, 'In-Stock', 'Stock Room', 0, '2017-01-16 08:38:46'),
(13, 69, 14, 1, 1, '', 'Stock Room', 0, '2017-01-16 08:38:48'),
(14, 29, 15, 1, 1, 'In-Stock', 'Stock Room', 0, '2017-01-16 08:38:50'),
(19, 69, 20, 1, 1, '', 'Stock Room', 0, '2017-01-16 08:39:29'),
(20, 29, 21, 1, 1, 'In-Stock', 'Stock Room', 0, '2017-01-16 08:39:02'),
(21, 29, 22, 1, 1, 'In-Stock', 'Stock Room', 0, '2017-01-16 08:39:04'),
(22, 1, 23, 1, 1, 'In-Stock', 'Stock Room', 0, '2017-01-16 08:39:05'),
(23, 1, 24, 1, 1, 'In-Stock', 'Stock Room', 0, '2017-01-16 08:39:08'),
(24, 1, 25, 1, 1, 'In-Stock', 'Stock Room', 0, '2017-01-16 08:39:11'),
(25, 1, 26, 1, 1, 'In-Stock', 'Stock Room', 0, '2017-01-16 08:39:12'),
(26, 1, 27, 1, 1, 'In-Stock', 'Stock Room', 0, '2017-01-16 08:39:14'),
(27, 1, 28, 1, 1, 'In-Stock', 'Stock Room', 0, '2017-01-16 08:39:16'),
(28, 1, 24, 3, 1, 'In-Use', 'CL1', 23, '2017-01-17 05:16:07'),
(29, 1, 23, 3, 1, 'In-Use', 'CL1', 22, '2017-01-17 05:16:21'),
(30, 1, 2, 3, 1, 'In-Use', 'CL1', 2, '2017-01-17 05:16:31'),
(34, 1, 27, 3, 1, 'In-Use', 'CL2', 26, '2017-01-17 05:16:38'),
(35, 1, 27, 2, 2, 'For-Repair', 'Stock Room', 34, '2017-01-17 05:16:44'),
(36, 1, 25, 3, 1, 'In-Use', 'CL2', 24, '2017-01-17 05:16:53'),
(37, 1, 25, 2, 3, 'For-Disposal', 'Stock Room', 36, '2017-01-17 05:16:58'),
(38, 1, 29, 1, 1, 'In-Stock', 'Stock Room', 0, '2017-01-17 06:11:11'),
(39, 1, 29, 3, 1, 'In-Use', 'CL1', 38, '2017-01-17 06:12:52'),
(40, 1, 29, 2, 1, 'In-Stock', 'Stock Room', 39, '2017-01-17 06:41:54'),
(41, 1, 29, 3, 1, 'In-Use', 'CL2', 40, '2017-01-17 06:41:58'),
(42, 1, 29, 2, 2, 'For-Repair', 'Stock Room', 41, '2017-01-17 06:44:11'),
(43, 1, 30, 1, 1, 'In-Stock', 'Stock Room', 0, '2017-01-28 13:39:56'),
(44, 1, 30, 3, 1, 'In-Use', 'CL1', 43, '2017-01-28 13:43:57'),
(45, 1, 22, 3, 1, 'In-Use', 'CL1', 21, '2017-01-28 13:43:58'),
(46, 1, 30, 2, 2, 'For-Repair', 'Stock Room', 44, '2017-01-29 03:41:46'),
(47, 1, 22, 2, 2, 'For-Repair', 'Stock Room', 45, '2017-01-29 03:41:47'),
(48, 1, 30, 3, 1, 'In-Use', 'CL1', 46, '2017-01-29 04:25:38'),
(49, 1, 22, 3, 1, 'In-Use', 'CL1', 47, '2017-01-29 04:25:39'),
(50, 1, 22, 2, 2, 'For-Repair', 'Stock Room', 49, '2017-01-29 04:32:52'),
(51, 1, 31, 1, 1, 'In-Stock', 'Stock Room', 0, '2017-01-30 13:15:19');

-- --------------------------------------------------------

--
-- Table structure for table `deploy_status`
--

CREATE TABLE `deploy_status` (
  `id` int(11) NOT NULL,
  `type` varchar(11) NOT NULL
) ENGINE=InnoDB DEFAULT CHARSET=latin1;

--
-- Dumping data for table `deploy_status`
--

INSERT INTO `deploy_status` (`id`, `type`) VALUES
(1, 'Stock'),
(2, 'Pulled Out'),
(3, 'Deployed');

-- --------------------------------------------------------

--
-- Table structure for table `item`
--

CREATE TABLE `item` (
  `id` int(11) NOT NULL,
  `name` varchar(30) NOT NULL,
  `model` varchar(30) NOT NULL,
  `category` int(11) NOT NULL,
  `brand` varchar(30) NOT NULL,
  `location` varchar(30) NOT NULL,
  `status` int(11) NOT NULL,
  `remarks` varchar(50) NOT NULL,
  `serial` varchar(30) NOT NULL,
  `recieved` timestamp NOT NULL DEFAULT CURRENT_TIMESTAMP,
  `isComponent` int(2) NOT NULL DEFAULT '0',
  `isVisible` int(2) NOT NULL DEFAULT '1'
) ENGINE=InnoDB DEFAULT CHARSET=latin1;

--
-- Dumping data for table `item`
--

INSERT INTO `item` (`id`, `name`, `model`, `category`, `brand`, `location`, `status`, `remarks`, `serial`, `recieved`, `isComponent`, `isVisible`) VALUES
(1, 'Wired Mouse', '', 5, 'a4tech', 'Stock Room', 1, 'In-Stock', '100001', '2016-12-11 09:53:18', 1, 0),
(2, 'Wireless Mouse', '', 5, 'Logitech', 'CL1', 1, 'In-Use', 'W100001', '2016-12-11 09:57:34', 1, 1),
(3, 'Wired Mouse', '', 5, 'a4tech', 'Stock Room', 1, 'In-Stock', '100002', '2016-12-11 09:57:53', 1, 0),
(4, 'Wired Mouse', '', 5, 'a4tech', 'Stock Room', 1, 'In-Stock', '100003', '2016-12-11 10:02:24', 1, 0),
(5, 'Wired Keyboard', '', 2, 'a4tech', 'Stock Room', 1, 'In-Stock', 'K00001', '2016-12-11 10:02:56', 1, 0),
(6, 'Monitor', '', 4, 'Samsung', 'Stock Room', 1, 'In-Stock', 'M100001', '2016-12-11 10:18:13', 1, 0),
(7, 'Desktop-PC', '', 9, 'Generic', 'Stock Room', 1, 'In-Stock', 'PC100001', '2016-12-12 08:48:34', 0, 0),
(8, 'Laptop ', '', 10, 'HP', 'Stock Room', 1, 'In-Stock', 'LP100001', '2016-12-12 11:08:05', 0, 0),
(10, 'Wired Keyboard', '', 2, 'a4tech', 'Stock Room', 1, 'In-Stock', 'K00002', '2016-12-13 05:06:25', 1, 0),
(11, 'Projector', '', 4, 'Epson', 'Stock Room', 1, 'In-Stock', 'P100001', '2016-12-16 19:07:17', 0, 0),
(12, 'Printer', '', 7, 'Canon', 'Stock Room', 1, 'In-Stock', 'PR100001', '2016-12-17 12:13:10', 0, 0),
(13, 'Desktop', '', 9, 'Generic', 'Stock Room', 1, 'In-Stock', 'PC100002', '2016-12-17 15:03:27', 0, 0),
(14, 'Desktop', '', 9, 'HP', 'Stock Room', 1, '', 'D100001', '2016-12-17 15:23:14', 0, 0),
(15, 'Laptop', '', 10, 'Acer', 'Stock Room', 1, 'In-Stock', 'L100003', '2016-12-17 15:28:37', 0, 0),
(20, 'Desktop', '', 9, 'HP', 'Stock Room', 1, '', 'D100001', '2016-12-17 15:44:25', 0, 0),
(21, 'PC', '', 9, 'HP', 'Stock Room', 1, 'In-Stock', 'D100001', '2016-12-17 17:06:58', 0, 1),
(22, 'Wired Keyboard', '', 2, 'Logitech', 'Stock Room', 2, 'For-Repair', 'K00001', '2016-12-17 19:57:04', 1, 1),
(23, 'Wireless Keyboard', '', 2, 'Logitech', 'CL1', 1, 'In-Use', 'K100002', '2016-12-20 05:17:28', 1, 1),
(24, 'Laptop', '', 10, 'HP', 'CL1', 1, 'In-Use', 'L100001', '2016-12-20 05:20:59', 0, 1),
(25, 'Ethernet Cable', '', 3, 'Generic', 'Stock Room', 3, 'For-Disposal', '', '2016-12-31 20:01:15', 0, 1),
(26, 'Ethernet Cable', '', 3, 'Generic', 'Stock Room', 1, 'In-Stock', '', '2016-12-31 20:16:09', 0, 1),
(27, 'Ethernet Cable', '', 3, 'Generic', 'Stock Room', 2, 'For-Repair', '', '2016-12-31 20:16:10', 0, 1),
(28, 'Ethernet Cable', '', 3, 'Generic', 'Stock Room', 1, 'In-Stock', '', '2016-12-31 20:16:11', 0, 1),
(29, 'Router', '', 12, 'Linksys', 'Stock Room', 2, 'For-Repair', 'R100001', '2017-01-17 06:11:10', 0, 1),
(30, 'PC', '', 9, 'HP', 'CL1', 1, 'In-Use', 'PC100003', '2017-01-28 13:39:56', 0, 1),
(31, 'Hard Drive', '', 6, 'Toshiba', 'Stock Room', 1, 'In-Stock', 'HD1000001', '2017-01-30 13:15:19', 0, 1);

-- --------------------------------------------------------

--
-- Table structure for table `logs`
--

CREATE TABLE `logs` (
  `id` int(11) NOT NULL,
  `user` int(11) DEFAULT NULL,
  `target_account` int(11) DEFAULT NULL,
  `target_item` int(11) DEFAULT NULL,
  `target_category` int(11) NOT NULL DEFAULT '0',
  `target_deploy` int(11) DEFAULT NULL,
  `action` int(11) NOT NULL,
  `type` int(11) NOT NULL,
  `deviceID` int(1) NOT NULL,
  `timestamp` timestamp NOT NULL DEFAULT CURRENT_TIMESTAMP ON UPDATE CURRENT_TIMESTAMP
) ENGINE=InnoDB DEFAULT CHARSET=latin1;

--
-- Dumping data for table `logs`
--

INSERT INTO `logs` (`id`, `user`, `target_account`, `target_item`, `target_category`, `target_deploy`, `action`, `type`, `deviceID`, `timestamp`) VALUES
(1, 1, 1, 0, 0, 0, 1, 2, 1, '2016-10-20 12:17:20'),
(2, 1, 0, 0, 0, 0, 4, 2, 1, '2016-10-21 13:04:44'),
(4, 1, 0, 0, 0, 0, 4, 2, 1, '2016-10-21 13:50:33'),
(5, 1, 0, 0, 0, 0, 4, 2, 1, '2016-10-22 13:51:17'),
(8, 1, 0, 0, 0, 0, 4, 2, 1, '2016-10-22 13:54:23'),
(9, 1, 0, 0, 0, 0, 4, 2, 1, '2016-10-22 13:55:40'),
(10, 1, 0, 0, 0, 0, 4, 2, 1, '2016-10-24 13:56:05'),
(11, 1, 0, 0, 0, 0, 4, 2, 1, '2016-10-24 13:56:44'),
(16, 1, 0, 0, 0, 0, 4, 2, 1, '2016-10-27 14:03:31'),
(17, 1, 0, 0, 0, 0, 4, 2, 1, '2016-10-27 14:03:35'),
(18, 1, 0, 0, 0, 0, 4, 2, 1, '2016-10-27 14:03:52'),
(19, 1, 0, 0, 0, 0, 4, 2, 1, '2016-10-27 14:04:27'),
(20, 1, 0, 0, 0, 0, 4, 2, 1, '2016-10-27 14:05:20'),
(21, 1, 0, 0, 0, 0, 4, 2, 1, '2016-10-28 14:05:34'),
(26, 1, 0, 0, 0, 0, 4, 2, 1, '2016-11-04 07:28:44'),
(27, 1, 0, 0, 0, 0, 4, 2, 1, '2016-11-04 07:28:54'),
(28, 1, 0, 0, 0, 0, 4, 2, 1, '2016-11-04 07:28:55'),
(29, 1, 0, 0, 0, 0, 4, 2, 1, '2016-11-04 07:28:56'),
(30, 1, 0, 0, 0, 0, 4, 2, 1, '2016-11-04 07:28:57'),
(31, 1, 0, 0, 0, 0, 4, 2, 1, '2016-11-06 23:07:54'),
(32, 1, 0, 0, 0, 0, 4, 2, 1, '2016-11-08 03:32:54'),
(33, 1, 0, 0, 0, 0, 4, 2, 1, '2016-11-08 04:47:55'),
(34, 1, 0, 0, 0, 0, 4, 2, 1, '2016-11-08 05:41:18'),
(35, 1, 0, 0, 0, 0, 4, 2, 1, '2016-11-08 06:02:49'),
(36, 1, 0, 0, 0, 0, 4, 2, 1, '2016-11-08 06:06:06'),
(37, 1, 0, 0, 0, 0, 4, 2, 1, '2016-11-08 06:07:57'),
(38, 1, 0, 0, 0, 0, 4, 2, 1, '2016-11-08 06:15:23'),
(39, 1, 0, 0, 0, 0, 4, 2, 1, '2016-11-15 03:27:08'),
(40, 1, 0, 0, 0, 0, 4, 2, 1, '2016-11-15 03:27:09'),
(41, 1, 0, 0, 0, 0, 4, 2, 1, '2016-11-15 03:40:47'),
(42, 1, 0, 0, 0, 0, 4, 2, 1, '2016-11-15 05:41:32'),
(43, 1, 0, 0, 0, 0, 4, 2, 1, '2016-11-15 06:20:40'),
(44, 1, 0, 0, 0, 0, 4, 2, 1, '2016-11-15 17:12:46'),
(45, 1, 0, 0, 0, 0, 4, 2, 1, '2016-11-16 05:36:06'),
(46, 1, 0, 0, 0, 0, 4, 2, 1, '2016-11-16 05:36:56'),
(47, 1, 0, 0, 0, 0, 4, 2, 1, '2016-11-16 05:56:45'),
(48, 1, 0, 0, 0, 0, 4, 2, 1, '2016-11-16 06:09:23'),
(49, 1, 0, 0, 0, 0, 4, 2, 2, '2016-11-16 06:09:43'),
(50, 1, 0, 0, 0, 0, 4, 2, 2, '2016-11-16 06:16:37'),
(51, 1, 0, 0, 0, 0, 4, 2, 1, '2016-11-16 06:16:42'),
(52, 1, 0, 0, 0, 0, 4, 2, 1, '2016-11-16 06:21:48'),
(53, 1, 0, 0, 0, 0, 4, 2, 2, '2016-11-16 06:22:09'),
(54, 1, 0, 0, 0, 0, 4, 2, 2, '2016-11-16 06:22:15'),
(55, 1, 0, 0, 0, 0, 4, 2, 1, '2016-11-16 10:42:54'),
(56, 1, 0, 0, 0, 0, 4, 2, 2, '2016-11-16 10:43:20'),
(57, 1, 0, 0, 0, 0, 4, 2, 2, '2016-11-16 10:46:47'),
(58, 1, 0, 0, 0, 0, 4, 2, 1, '2016-11-16 16:30:34'),
(59, 1, 0, 0, 0, 0, 4, 2, 1, '2016-11-16 16:50:43'),
(60, 1, 0, 0, 0, 0, 4, 2, 1, '2016-11-16 17:03:50'),
(61, 1, 0, 0, 0, 0, 4, 2, 1, '2016-11-16 17:10:58'),
(62, 1, 0, 0, 0, 0, 4, 2, 1, '2016-11-16 17:23:52'),
(63, 1, 0, 0, 0, 0, 4, 2, 1, '2016-11-16 17:29:15'),
(64, 1, 0, 0, 0, 0, 4, 2, 1, '2016-11-16 17:31:05'),
(65, 1, 0, 0, 0, 0, 4, 2, 1, '2016-11-16 17:33:54'),
(66, 1, 0, 0, 0, 0, 4, 2, 1, '2016-11-16 17:35:33'),
(67, 1, 0, 0, 0, 0, 4, 2, 1, '2016-11-16 17:46:12'),
(69, 1, 0, 0, 0, 0, 4, 2, 1, '2016-11-16 17:49:19'),
(71, 1, 0, 0, 0, 0, 4, 2, 1, '2016-11-17 15:22:46'),
(79, 1, 0, 0, 0, 0, 4, 2, 1, '2016-11-17 17:31:02'),
(80, 1, 0, 0, 0, 0, 4, 2, 1, '2016-11-17 17:32:27'),
(81, 1, 0, 0, 0, 0, 4, 2, 1, '2016-11-17 17:39:28'),
(85, 1, 0, 0, 0, 0, 4, 2, 1, '2016-11-21 15:19:03'),
(87, 1, 0, 0, 0, 0, 4, 2, 1, '2016-11-21 15:33:09'),
(88, 1, 0, 0, 0, 0, 4, 2, 1, '2016-11-21 16:25:23'),
(89, 1, 0, 0, 0, 0, 4, 2, 1, '2016-11-21 16:31:25'),
(90, 1, 0, 0, 0, 0, 4, 2, 1, '2016-11-22 03:17:09'),
(100, 1, 0, 0, 0, 0, 4, 2, 1, '2016-11-22 03:46:10'),
(102, 1, 0, 0, 0, 0, 4, 2, 1, '2016-11-22 03:52:48'),
(103, 1, 0, 0, 0, 0, 4, 2, 1, '2016-11-22 04:01:16'),
(104, 1, 0, 0, 0, 0, 4, 2, 1, '2016-11-22 04:08:23'),
(106, 1, 0, 0, 0, 0, 4, 2, 1, '2016-11-26 12:14:01'),
(108, 1, 0, 0, 0, 0, 4, 2, 1, '2016-11-26 12:26:34'),
(110, 1, 0, 0, 0, 0, 4, 2, 1, '2016-11-26 12:29:38'),
(111, 1, 0, 0, 0, 0, 4, 2, 1, '2016-11-26 12:32:14'),
(112, 1, 0, 0, 0, 0, 4, 2, 1, '2016-11-26 12:35:09'),
(114, 1, 0, 0, 0, 0, 4, 2, 1, '2016-11-26 12:37:53'),
(115, 1, 0, 0, 0, 0, 4, 2, 1, '2016-11-26 12:38:03'),
(116, 1, 0, 0, 0, 0, 4, 2, 1, '2016-11-26 12:40:03'),
(118, 1, 0, 0, 0, 0, 4, 2, 1, '2016-11-26 12:43:16'),
(120, 1, 0, 0, 0, 0, 4, 2, 1, '2016-11-26 12:59:03'),
(121, 1, 0, 0, 0, 0, 4, 2, 1, '2016-11-26 13:37:12'),
(122, 1, 0, 0, 0, 0, 4, 2, 1, '2016-11-26 13:55:13'),
(123, 1, 0, 0, 0, 0, 4, 2, 1, '2016-11-26 14:02:21'),
(124, 1, 69, 0, 0, 0, 1, 2, 1, '2016-11-28 13:55:22'),
(125, 1, 0, 0, 0, 0, 4, 2, 1, '2016-11-26 14:08:52'),
(126, 1, 0, 0, 0, 0, 4, 2, 1, '2016-11-26 14:15:50'),
(127, 1, 0, 0, 0, 0, 4, 2, 1, '2016-11-26 14:16:54'),
(128, 1, 0, 0, 0, 0, 4, 2, 1, '2016-11-26 14:20:41'),
(129, 1, 0, 0, 0, 0, 4, 2, 1, '2016-11-26 14:26:39'),
(132, 1, 0, 0, 0, 0, 4, 2, 1, '2016-11-26 14:30:17'),
(133, 1, 0, 0, 0, 0, 4, 2, 1, '2016-11-26 14:33:18'),
(135, 1, 0, 0, 0, 0, 4, 2, 1, '2016-11-26 14:34:45'),
(136, 1, 0, 0, 0, 0, 4, 2, 1, '2016-11-26 14:37:58'),
(138, 1, 0, 0, 0, 0, 4, 2, 1, '2016-11-26 14:41:33'),
(140, 1, 0, 0, 0, 0, 4, 2, 1, '2016-11-26 14:42:41'),
(150, 1, 0, 0, 0, 0, 4, 2, 1, '2016-11-26 14:51:54'),
(154, 1, 0, 0, 0, 0, 4, 2, 1, '2016-11-26 14:53:54'),
(156, 1, 0, 0, 0, 0, 4, 2, 1, '2016-11-26 15:08:18'),
(159, 1, 0, 0, 0, 0, 4, 2, 1, '2016-11-26 15:17:15'),
(160, 1, 0, 0, 0, 0, 4, 2, 1, '2016-11-26 15:17:19'),
(165, 1, 0, 0, 0, 0, 4, 2, 1, '2016-11-26 15:43:48'),
(167, 1, 0, 0, 0, 0, 4, 2, 1, '2016-11-26 16:54:33'),
(168, 1, 0, 0, 0, 0, 4, 2, 1, '2016-11-26 16:57:43'),
(169, 1, 0, 0, 0, 0, 4, 2, 1, '2016-11-26 16:59:36'),
(170, 1, 0, 0, 0, 0, 4, 2, 1, '2016-11-26 17:02:30'),
(171, 1, 0, 0, 0, 0, 4, 2, 1, '2016-11-26 17:11:31'),
(172, 1, 0, 0, 0, 0, 4, 2, 1, '2016-11-26 17:13:07'),
(173, 1, 0, 0, 0, 0, 4, 2, 1, '2016-11-26 17:13:19'),
(174, 1, 0, 0, 0, 0, 4, 2, 1, '2016-11-26 17:20:03'),
(175, 1, 0, 0, 0, 0, 4, 2, 1, '2016-11-26 17:23:07'),
(176, 1, 0, 0, 0, 0, 4, 2, 1, '2016-11-26 17:29:01'),
(177, 1, 0, 0, 0, 0, 4, 2, 1, '2016-11-26 17:30:37'),
(178, 1, 0, 0, 0, 0, 4, 2, 1, '2016-11-26 17:31:13'),
(179, 1, 0, 0, 0, 0, 4, 2, 1, '2016-11-26 17:32:34'),
(180, 1, 0, 0, 0, 0, 4, 2, 1, '2016-11-26 17:58:22'),
(181, 1, 0, 0, 0, 0, 4, 2, 1, '2016-11-26 18:15:40'),
(182, 1, 0, 0, 0, 0, 4, 2, 1, '2016-11-26 18:43:30'),
(183, 1, 0, 0, 0, 0, 4, 2, 1, '2016-11-26 18:46:09'),
(184, 1, 0, 0, 0, 0, 4, 2, 1, '2016-11-26 18:46:44'),
(185, 1, 0, 0, 0, 0, 4, 2, 1, '2016-11-27 17:36:46'),
(186, 1, 0, 0, 0, 0, 4, 2, 1, '2016-11-27 17:47:17'),
(187, 1, 0, 0, 0, 0, 4, 2, 1, '2016-11-27 17:48:22'),
(188, 1, 0, 0, 0, 0, 4, 2, 1, '2016-11-27 17:51:55'),
(189, 1, 0, 0, 0, 0, 4, 2, 1, '2016-11-27 17:57:05'),
(190, 1, 0, 0, 0, 0, 4, 2, 1, '2016-11-27 17:58:53'),
(191, 1, 0, 0, 0, 0, 4, 2, 1, '2016-11-27 18:05:53'),
(193, 1, 0, 0, 0, 0, 4, 2, 1, '2016-11-27 18:14:51'),
(196, 1, 0, 0, 0, 0, 4, 2, 1, '2016-11-27 18:19:51'),
(198, 1, 0, 0, 0, 0, 4, 2, 1, '2016-11-27 18:21:58'),
(200, 1, 0, 0, 0, 0, 4, 2, 1, '2016-11-27 18:25:37'),
(202, 1, 0, 0, 0, 0, 4, 2, 1, '2016-11-27 18:29:23'),
(204, 1, 0, 0, 0, 0, 4, 2, 1, '2016-11-27 18:32:07'),
(207, 1, 0, 0, 0, 0, 4, 2, 1, '2016-11-27 18:34:33'),
(208, 1, 0, 0, 0, 0, 4, 2, 1, '2016-11-28 10:23:12'),
(211, 1, 0, 0, 0, 0, 4, 2, 1, '2016-11-28 10:41:35'),
(214, 1, 0, 0, 0, 0, 4, 2, 1, '2016-11-28 13:01:42'),
(215, 1, 0, 0, 0, 0, 4, 2, 1, '2016-11-28 13:03:37'),
(216, 1, 0, 0, 0, 0, 4, 2, 1, '2016-11-28 13:14:40'),
(219, 1, 0, 0, 0, 0, 4, 2, 1, '2016-11-28 13:20:41'),
(221, 1, 0, 0, 0, 0, 4, 2, 1, '2016-11-28 13:26:57'),
(222, 1, 0, 0, 0, 0, 4, 2, 1, '2016-11-28 13:37:36'),
(225, 1, 0, 0, 0, 0, 4, 2, 1, '2016-11-28 13:38:52'),
(227, 1, 0, 0, 0, 0, 4, 2, 1, '2016-11-28 13:39:36'),
(230, 1, 0, 0, 0, 0, 4, 2, 1, '2016-11-28 13:41:51'),
(231, 1, 0, 0, 0, 0, 4, 2, 1, '2016-11-28 13:41:56'),
(238, 1, 0, 0, 0, 0, 4, 2, 1, '2016-11-28 13:46:12'),
(242, 1, 0, 0, 0, 0, 4, 2, 1, '2016-11-28 13:49:47'),
(246, 1, 0, 0, 0, 0, 4, 2, 1, '2016-11-28 13:57:44'),
(247, 69, 0, 0, 0, 0, 4, 2, 1, '2016-11-28 13:57:56'),
(251, 1, 0, 0, 0, 0, 4, 2, 1, '2016-11-28 14:00:39'),
(252, 69, 0, 0, 0, 0, 4, 2, 1, '2016-11-28 14:01:24'),
(253, 1, 29, 0, 0, 0, 1, 2, 1, '2016-11-28 14:01:35'),
(254, 69, 0, 0, 0, 0, 4, 2, 1, '2016-11-28 14:08:06'),
(255, 69, 0, 0, 0, 0, 4, 2, 1, '2016-11-28 14:21:15'),
(256, 29, 0, 0, 0, 0, 4, 2, 1, '2016-11-28 14:23:41'),
(257, 69, 0, 0, 0, 0, 4, 2, 1, '2016-11-28 14:25:31'),
(258, 69, 0, 0, 0, 0, 4, 2, 1, '2016-11-28 14:26:11'),
(259, 69, 0, 0, 0, 0, 4, 2, 1, '2016-11-28 14:26:39'),
(260, 69, 0, 0, 0, 0, 4, 2, 1, '2016-11-28 14:27:16'),
(261, 69, 0, 0, 0, 0, 4, 2, 1, '2016-11-28 14:27:51'),
(262, 29, 0, 0, 0, 0, 4, 2, 1, '2016-11-28 14:30:37'),
(263, 29, 0, 0, 0, 0, 4, 2, 1, '2016-11-28 14:33:13'),
(264, 69, 0, 0, 0, 0, 4, 2, 1, '2016-11-28 14:33:23'),
(265, 1, 0, 0, 0, 0, 4, 2, 1, '2016-11-28 17:17:17'),
(266, 1, 0, 0, 0, 0, 4, 2, 1, '2016-11-28 17:29:06'),
(267, 1, 0, 0, 0, 0, 4, 2, 1, '2016-11-28 17:32:23'),
(268, 1, 0, 0, 0, 0, 4, 2, 1, '2016-11-28 17:39:41'),
(269, 1, 0, 0, 0, 0, 4, 2, 1, '2016-11-28 17:41:03'),
(270, 1, 0, 0, 0, 0, 4, 2, 1, '2016-11-28 17:41:55'),
(271, 1, 0, 0, 0, 0, 4, 2, 1, '2016-11-28 17:43:57'),
(272, 1, 0, 0, 0, 0, 4, 2, 1, '2016-11-28 17:45:38'),
(273, 1, 0, 0, 0, 0, 4, 2, 1, '2016-11-28 17:52:52'),
(275, 1, 0, 0, 0, 0, 4, 2, 1, '2016-11-28 17:54:16'),
(277, 1, 0, 0, 0, 0, 4, 2, 1, '2016-11-28 17:56:25'),
(279, 1, 0, 0, 0, 0, 4, 2, 1, '2016-11-28 17:57:47'),
(281, 1, 0, 0, 0, 0, 4, 2, 1, '2016-11-28 17:59:30'),
(283, 1, 0, 0, 0, 0, 4, 2, 1, '2016-11-28 18:01:54'),
(284, 1, 29, 0, 0, 0, 3, 2, 1, '2016-11-28 18:06:19'),
(285, 1, 0, 0, 0, 0, 4, 2, 1, '2016-11-28 18:13:07'),
(286, 1, 0, 0, 0, 0, 4, 2, 1, '2016-11-29 03:39:26'),
(287, 1, 70, 0, 0, 0, 1, 2, 1, '2016-11-29 03:40:07'),
(288, 70, 0, 0, 0, 0, 4, 2, 1, '2016-11-29 03:41:12'),
(289, 1, 0, 0, 0, 0, 4, 2, 1, '2016-11-29 04:26:53'),
(290, 1, 0, 0, 0, 0, 4, 2, 1, '2016-11-29 04:28:52'),
(291, 1, 0, 0, 0, 0, 4, 2, 1, '2016-11-29 04:29:06'),
(292, 1, 0, 0, 0, 0, 4, 2, 1, '2016-12-01 18:50:46'),
(293, 1, 0, 0, 0, 0, 4, 2, 1, '2016-12-01 18:51:17'),
(294, 1, 0, 0, 0, 0, 4, 2, 1, '2016-12-01 19:02:53'),
(295, 1, 0, 0, 0, 0, 4, 2, 1, '2016-12-01 19:04:23'),
(296, 1, 0, 0, 0, 0, 4, 2, 1, '2016-12-01 19:05:06'),
(297, 1, 0, 0, 0, 0, 4, 2, 1, '2016-12-01 19:07:23'),
(298, 1, 0, 0, 0, 0, 4, 2, 1, '2016-12-01 19:08:13'),
(299, 1, 0, 0, 0, 0, 4, 2, 1, '2016-12-01 19:12:35'),
(300, 1, 0, 0, 0, 0, 4, 2, 1, '2016-12-01 19:20:14'),
(301, 1, 0, 0, 0, 0, 4, 2, 1, '2016-12-01 19:21:41'),
(302, 1, 0, 0, 0, 0, 4, 2, 1, '2016-12-01 19:22:48'),
(303, 1, 0, 0, 0, 0, 4, 2, 1, '2016-12-01 19:23:07'),
(304, 1, 0, 0, 0, 0, 4, 2, 1, '2016-12-02 10:30:28'),
(305, 1, 0, 0, 0, 0, 4, 2, 1, '2016-12-03 09:55:12'),
(306, 1, 0, 0, 0, 0, 4, 2, 1, '2016-12-03 09:59:14'),
(307, 1, 0, 0, 0, 0, 4, 2, 1, '2016-12-03 10:09:01'),
(308, 1, 0, 0, 0, 0, 4, 2, 1, '2016-12-03 10:16:47'),
(309, 1, 0, 0, 0, 0, 4, 2, 1, '2016-12-03 10:21:17'),
(310, 1, 0, 0, 0, 0, 4, 2, 1, '2016-12-03 10:28:19'),
(311, 1, 0, 0, 0, 0, 4, 2, 1, '2016-12-03 10:46:33'),
(312, 1, 0, 0, 0, 0, 4, 2, 1, '2016-12-03 10:57:17'),
(313, 1, 71, 0, 0, 0, 1, 2, 1, '2016-12-03 11:19:06'),
(314, 1, 0, 0, 0, 0, 4, 2, 1, '2016-12-03 11:50:58'),
(315, 1, 0, 0, 0, 0, 4, 2, 1, '2016-12-03 11:55:57'),
(316, 1, 0, 0, 0, 0, 4, 2, 1, '2016-12-03 14:36:35'),
(317, 1, 0, 0, 0, 0, 4, 2, 1, '2016-12-03 16:02:07'),
(318, 1, 0, 0, 0, 0, 4, 2, 1, '2016-12-03 16:14:23'),
(319, 1, 0, 0, 0, 0, 4, 2, 1, '2016-12-03 16:16:16'),
(320, 1, 0, 0, 0, 0, 4, 2, 1, '2016-12-03 17:15:53'),
(321, 1, 0, 0, 0, 0, 4, 2, 1, '2016-12-03 17:47:41'),
(322, 1, 0, 0, 0, 0, 4, 2, 1, '2016-12-03 17:52:02'),
(323, 1, 0, 0, 0, 0, 4, 2, 1, '2016-12-03 17:54:49'),
(324, 1, 0, 0, 0, 0, 4, 2, 1, '2016-12-03 18:50:04'),
(325, 1, 0, 0, 0, 0, 4, 2, 1, '2016-12-04 06:26:00'),
(326, 1, 0, 0, 0, 0, 4, 2, 1, '2016-12-04 07:23:43'),
(327, 1, 0, 0, 0, 0, 4, 2, 1, '2016-12-04 07:25:52'),
(328, 1, 0, 0, 0, 0, 4, 2, 1, '2016-12-04 08:25:49'),
(329, 1, 0, 0, 0, 0, 4, 2, 1, '2016-12-04 10:26:32'),
(330, 1, 0, 0, 0, 0, 4, 2, 1, '2016-12-04 10:33:01'),
(331, 1, 0, 0, 0, 0, 4, 2, 1, '2016-12-04 10:35:35'),
(332, 1, 0, 0, 0, 0, 4, 2, 1, '2016-12-04 10:36:22'),
(333, 1, 0, 0, 0, 0, 4, 2, 1, '2016-12-04 10:38:38'),
(334, 1, 0, 0, 0, 0, 4, 2, 1, '2016-12-04 10:45:05'),
(335, 1, 0, 0, 0, 0, 4, 2, 1, '2016-12-05 08:23:24'),
(336, 1, 0, 0, 0, 0, 4, 2, 1, '2016-12-05 09:47:47'),
(337, 1, 0, 0, 0, 0, 4, 2, 1, '2016-12-05 10:29:23'),
(338, 1, 0, 0, 0, 0, 4, 2, 1, '2016-12-05 11:31:18'),
(339, 1, 0, 0, 0, 0, 4, 2, 1, '2016-12-05 11:37:48'),
(340, 1, 0, 0, 0, 0, 4, 2, 1, '2016-12-05 11:44:08'),
(341, 1, 0, 0, 0, 0, 4, 2, 1, '2016-12-05 12:32:28'),
(342, 1, 0, 0, 0, 0, 4, 2, 1, '2016-12-05 13:08:13'),
(343, 1, 0, 0, 0, 0, 4, 2, 1, '2016-12-05 13:37:06'),
(344, 1, 0, 0, 0, 0, 4, 2, 1, '2016-12-05 13:43:16'),
(345, 1, 0, 0, 0, 0, 4, 2, 1, '2016-12-05 14:39:08'),
(346, 1, 0, 0, 0, 0, 4, 2, 1, '2016-12-05 14:51:39'),
(347, 1, 0, 0, 0, 0, 4, 2, 1, '2016-12-05 14:54:02'),
(348, 1, 0, 0, 0, 0, 4, 2, 1, '2016-12-05 14:57:50'),
(349, 1, 0, 0, 0, 0, 4, 2, 1, '2016-12-05 14:58:28'),
(350, 1, 0, 0, 0, 0, 4, 2, 1, '2016-12-05 15:18:08'),
(351, 1, 0, 0, 0, 0, 4, 2, 1, '2016-12-05 15:20:05'),
(352, 1, 0, 0, 0, 0, 4, 2, 1, '2016-12-05 15:20:59'),
(353, 1, 0, 0, 0, 0, 4, 2, 1, '2016-12-05 15:22:39'),
(354, 1, 0, 0, 0, 0, 4, 2, 1, '2016-12-05 15:24:42'),
(355, 1, 0, 0, 0, 0, 4, 2, 1, '2016-12-05 15:26:01'),
(356, 1, 0, 0, 0, 0, 4, 2, 1, '2016-12-05 15:27:45'),
(357, 1, 0, 0, 0, 0, 4, 2, 1, '2016-12-05 15:29:05'),
(358, 1, 0, 0, 0, 0, 4, 2, 1, '2016-12-05 15:31:36'),
(359, 1, 0, 0, 0, 0, 4, 2, 1, '2016-12-05 15:35:08'),
(360, 1, 0, 0, 0, 0, 4, 2, 1, '2016-12-05 15:36:01'),
(361, 1, 0, 0, 0, 0, 4, 2, 1, '2016-12-05 15:36:49'),
(362, 1, 0, 0, 0, 0, 4, 2, 1, '2016-12-05 16:00:59'),
(363, 1, 0, 0, 0, 0, 4, 2, 1, '2016-12-05 16:03:55'),
(364, 1, 0, 0, 0, 0, 4, 2, 1, '2016-12-05 16:04:49'),
(365, 1, 0, 0, 0, 0, 4, 2, 1, '2016-12-05 16:05:49'),
(366, 1, 0, 0, 0, 0, 4, 2, 1, '2016-12-05 16:05:54'),
(367, 1, 0, 0, 0, 0, 4, 2, 1, '2016-12-05 16:06:24'),
(368, 1, 0, 0, 0, 0, 4, 2, 1, '2016-12-05 16:06:26'),
(369, 1, 0, 0, 0, 0, 4, 2, 1, '2016-12-05 16:06:28'),
(370, 1, 0, 0, 0, 0, 4, 2, 1, '2016-12-05 16:06:32'),
(371, 1, 0, 0, 0, 0, 4, 2, 1, '2016-12-05 17:15:16'),
(372, 1, 0, 0, 0, 0, 4, 2, 1, '2016-12-05 19:10:00'),
(373, 1, 0, 0, 0, 0, 4, 2, 1, '2016-12-05 19:18:48'),
(374, 1, 0, 0, 0, 0, 4, 2, 1, '2016-12-05 19:21:08'),
(375, 1, 0, 0, 0, 0, 4, 2, 1, '2016-12-05 19:24:41'),
(376, 1, 0, 0, 0, 0, 4, 2, 1, '2016-12-06 03:09:39'),
(377, 1, 0, 0, 0, 0, 4, 2, 1, '2016-12-06 03:24:59'),
(378, 1, 0, 0, 0, 0, 4, 2, 1, '2016-12-06 03:26:20'),
(379, 1, 0, 0, 0, 0, 4, 2, 1, '2016-12-06 03:53:22'),
(380, 1, 0, 0, 0, 0, 4, 2, 1, '2016-12-06 04:06:01'),
(381, 69, 0, 0, 0, 0, 4, 2, 1, '2016-12-06 04:22:37'),
(382, 1, 0, 0, 0, 0, 4, 2, 1, '2016-12-06 05:48:03'),
(383, 1, 0, 0, 0, 0, 4, 2, 1, '2016-12-06 05:48:23'),
(384, 1, 0, 0, 0, 0, 4, 2, 1, '2016-12-06 05:54:18'),
(385, 1, 0, 0, 0, 0, 4, 2, 1, '2016-12-06 06:03:56'),
(386, 1, 0, 0, 0, 0, 4, 2, 1, '2016-12-06 07:03:30'),
(387, 1, 0, 0, 0, 0, 4, 2, 1, '2016-12-06 07:35:14'),
(388, 1, 0, 0, 0, 0, 4, 2, 1, '2016-12-06 09:12:13'),
(389, 1, 0, 0, 0, 0, 4, 2, 1, '2016-12-06 09:13:41'),
(390, 1, 0, 0, 0, 0, 4, 2, 1, '2016-12-06 09:14:12'),
(391, 1, 0, 0, 0, 0, 4, 2, 1, '2016-12-06 09:25:51'),
(392, 1, 0, 0, 0, 0, 4, 2, 1, '2016-12-06 09:27:11'),
(393, 1, 0, 0, 0, 0, 4, 2, 1, '2016-12-06 09:29:59'),
(394, 1, 0, 0, 0, 0, 4, 2, 1, '2016-12-06 09:31:53'),
(395, 1, 0, 0, 0, 0, 4, 2, 1, '2016-12-06 09:33:44'),
(396, 1, 0, 0, 0, 0, 4, 2, 1, '2016-12-08 05:19:09'),
(397, 1, 0, 0, 0, 0, 4, 2, 1, '2016-12-08 17:20:59'),
(398, 1, 0, 0, 0, 0, 4, 2, 1, '2016-12-08 17:27:15'),
(399, 1, 0, 0, 0, 0, 4, 2, 1, '2016-12-08 17:28:01'),
(400, 1, 0, 0, 0, 0, 4, 2, 1, '2016-12-08 17:29:43'),
(401, 1, 0, 0, 0, 0, 4, 2, 1, '2016-12-08 17:32:08'),
(402, 1, 0, 0, 0, 0, 4, 2, 1, '2016-12-08 17:34:27'),
(403, 1, 0, 0, 3, 0, 1, 3, 1, '2016-12-08 17:34:37'),
(404, 1, 0, 0, 0, 0, 4, 2, 1, '2016-12-08 17:48:12'),
(405, 1, 0, 0, 0, 0, 4, 2, 1, '2016-12-08 18:00:35'),
(406, 1, 0, 0, 0, 0, 4, 2, 1, '2016-12-08 18:02:12'),
(407, 1, 0, 0, 0, 0, 4, 2, 1, '2016-12-08 18:05:17'),
(408, 1, 0, 0, 0, 0, 4, 2, 1, '2016-12-08 18:10:32'),
(409, 1, 0, 0, 4, 0, 1, 3, 1, '2016-12-08 18:10:46'),
(410, 1, 0, 0, 0, 0, 4, 2, 1, '2016-12-09 08:22:28'),
(411, 1, 0, 0, 0, 0, 4, 2, 1, '2016-12-09 10:05:50'),
(412, 1, 0, 0, 0, 0, 4, 2, 1, '2016-12-09 11:39:44'),
(413, 1, 0, 0, 0, 0, 4, 2, 1, '2016-12-09 11:45:40'),
(414, 1, 0, 0, 0, 0, 4, 2, 1, '2016-12-09 11:48:25'),
(415, 1, 0, 0, 0, 0, 4, 2, 1, '2016-12-09 11:57:07'),
(416, 1, 0, 0, 0, 0, 4, 2, 1, '2016-12-09 11:58:24'),
(417, 1, 0, 0, 0, 0, 4, 2, 1, '2016-12-10 15:09:56'),
(418, 1, 0, 0, 0, 0, 4, 2, 1, '2016-12-10 16:04:53'),
(419, 1, 0, 0, 0, 0, 4, 2, 1, '2016-12-10 16:04:53'),
(420, 1, 0, 0, 0, 0, 4, 2, 1, '2016-12-11 09:40:09'),
(421, 1, 0, 0, 0, 0, 4, 2, 1, '2016-12-11 09:44:46'),
(422, 1, 0, 0, 0, 0, 4, 2, 1, '2016-12-11 09:46:35'),
(423, 1, 0, 0, 0, 0, 4, 2, 1, '2016-12-11 09:49:12'),
(424, 1, 0, 0, 0, 0, 4, 2, 1, '2016-12-11 09:50:49'),
(426, 1, 0, 0, 0, 0, 4, 2, 1, '2016-12-11 09:52:54'),
(427, 1, 0, 0, 0, 0, 4, 2, 1, '2016-12-11 09:55:35'),
(428, 1, 0, 2, 0, 0, 1, 1, 1, '2016-12-11 09:57:35'),
(429, 1, 0, 3, 0, 0, 1, 1, 1, '2016-12-11 09:57:53'),
(430, 1, 0, 4, 0, 0, 1, 1, 1, '2016-12-11 10:02:24'),
(431, 1, 0, 5, 0, 0, 1, 1, 1, '2016-12-11 10:02:56'),
(432, 1, 0, 0, 0, 0, 4, 2, 1, '2016-12-11 10:14:14'),
(433, 1, 0, 6, 0, 0, 1, 1, 1, '2016-12-11 10:18:13'),
(434, 1, 0, 0, 0, 0, 4, 2, 1, '2016-12-11 10:22:01'),
(435, 1, 0, 0, 0, 0, 4, 2, 1, '2016-12-11 11:30:50'),
(436, 1, 0, 0, 0, 0, 4, 2, 1, '2016-12-11 11:32:53'),
(437, 1, 0, 0, 0, 0, 4, 2, 1, '2016-12-11 13:30:04'),
(438, 1, 0, 0, 0, 0, 4, 2, 1, '2016-12-11 13:48:55'),
(441, 1, 0, 0, 0, 0, 4, 2, 1, '2016-12-11 15:25:07'),
(442, 1, 0, 0, 6, 0, 1, 3, 1, '2016-12-11 17:29:13'),
(443, 1, 0, 0, 0, 0, 4, 2, 1, '2016-12-11 17:29:39'),
(444, 1, 0, 0, 7, 0, 1, 3, 1, '2016-12-11 17:30:15'),
(446, 1, 0, 0, 0, 0, 4, 2, 1, '2016-12-11 18:33:43'),
(447, 1, 0, 0, 0, 0, 4, 2, 1, '2016-12-11 18:49:39'),
(448, 1, 0, 0, 0, 0, 4, 2, 1, '2016-12-11 18:55:33'),
(449, 1, 0, 0, 0, 0, 4, 2, 1, '2016-12-11 18:58:09'),
(450, 1, 0, 0, 0, 0, 4, 2, 1, '2016-12-11 18:59:13'),
(451, 1, 0, 0, 0, 0, 4, 2, 1, '2016-12-11 19:01:46'),
(452, 1, 0, 0, 0, 0, 4, 2, 1, '2016-12-11 19:05:00'),
(453, 1, 0, 0, 0, 0, 4, 2, 1, '2016-12-11 19:05:44'),
(454, 1, 0, 0, 0, 0, 4, 2, 1, '2016-12-11 19:13:00'),
(455, 1, 0, 0, 0, 0, 4, 2, 1, '2016-12-11 19:15:56'),
(456, 1, 0, 0, 0, 0, 4, 2, 1, '2016-12-11 19:18:22'),
(457, 1, 0, 0, 0, 0, 4, 2, 1, '2016-12-11 19:46:23'),
(458, 1, 0, 0, 0, 0, 4, 2, 1, '2016-12-11 19:50:48'),
(459, 1, 0, 0, 0, 0, 4, 2, 1, '2016-12-11 19:52:05'),
(460, 1, 0, 0, 0, 0, 4, 2, 1, '2016-12-11 19:56:49'),
(461, 1, 0, 0, 0, 0, 4, 2, 1, '2016-12-11 20:11:11'),
(462, 1, 0, 0, 0, 0, 4, 2, 1, '2016-12-11 20:11:20'),
(463, 1, 29, 0, 0, 0, 8, 2, 1, '2016-12-11 20:12:11'),
(464, 1, 0, 0, 0, 0, 4, 2, 1, '2016-12-11 20:14:14'),
(465, 1, 29, 0, 0, 0, 3, 2, 1, '2016-12-11 20:15:55'),
(466, 1, 29, 0, 0, 0, 8, 2, 1, '2016-12-11 20:16:11'),
(467, 1, 0, 0, 0, 0, 4, 2, 1, '2016-12-11 20:30:37'),
(468, 1, 0, 0, 0, 0, 4, 2, 1, '2016-12-11 20:31:45'),
(469, 1, 0, 0, 0, 0, 4, 2, 1, '2016-12-11 20:33:11'),
(470, 1, 0, 0, 0, 0, 4, 2, 1, '2016-12-11 20:35:22'),
(471, 1, 0, 0, 0, 0, 4, 2, 1, '2016-12-11 20:37:13'),
(472, 1, 0, 0, 0, 0, 4, 2, 1, '2016-12-11 20:38:02'),
(473, 1, 0, 0, 0, 0, 4, 2, 1, '2016-12-11 21:02:50'),
(474, 1, 0, 0, 0, 0, 4, 2, 1, '2016-12-11 21:04:16'),
(475, 1, 0, 0, 0, 0, 4, 2, 1, '2016-12-11 21:04:47'),
(476, 1, 0, 0, 0, 0, 4, 2, 1, '2016-12-11 21:09:31'),
(477, 1, 0, 0, 0, 0, 4, 2, 1, '2016-12-12 08:02:35'),
(478, 1, 0, 0, 0, 0, 4, 2, 1, '2016-12-12 08:34:44'),
(479, 1, 0, 0, 0, 0, 4, 2, 1, '2016-12-12 08:38:28'),
(480, 1, 0, 0, 0, 0, 4, 2, 1, '2016-12-12 08:45:16'),
(481, 1, 0, 0, 9, 0, 1, 3, 1, '2016-12-12 08:46:30'),
(482, 1, 0, 7, 0, 0, 1, 1, 1, '2016-12-12 08:48:35'),
(483, 1, 0, 0, 0, 0, 4, 2, 1, '2016-12-12 09:45:48'),
(484, 1, 0, 0, 0, 0, 4, 2, 1, '2016-12-12 09:47:00'),
(485, 1, 0, 0, 0, 0, 4, 2, 1, '2016-12-12 09:47:10'),
(486, 1, 0, 0, 0, 0, 4, 2, 1, '2016-12-12 10:01:22'),
(487, 1, 0, 0, 0, 0, 4, 2, 1, '2016-12-12 10:02:56'),
(488, 1, 0, 0, 0, 0, 4, 2, 1, '2016-12-12 10:04:38'),
(489, 1, 0, 0, 0, 0, 4, 2, 1, '2016-12-12 10:08:49'),
(490, 1, 0, 0, 0, 0, 4, 2, 1, '2016-12-12 10:13:56'),
(491, 1, 0, 0, 0, 0, 4, 2, 1, '2016-12-12 10:16:56'),
(492, 1, 0, 0, 0, 0, 4, 2, 1, '2016-12-12 10:18:17'),
(493, 1, 0, 0, 0, 0, 4, 2, 1, '2016-12-12 10:27:33'),
(494, 29, 0, 0, 0, 0, 4, 2, 1, '2016-12-12 11:02:52'),
(495, 1, 0, 0, 10, 0, 1, 3, 1, '2016-12-12 11:06:33'),
(496, 29, 0, 8, 0, 0, 1, 1, 1, '2016-12-12 11:08:05'),
(497, 1, 0, 0, 0, 0, 4, 2, 1, '2016-12-12 13:22:36'),
(498, 1, 0, 0, 0, 0, 4, 2, 1, '2016-12-12 13:54:00'),
(499, 1, 0, 0, 0, 0, 4, 2, 1, '2016-12-12 14:35:54'),
(500, 1, 0, 0, 0, 0, 4, 2, 1, '2016-12-12 15:10:16'),
(501, 1, 0, 0, 0, 0, 4, 2, 1, '2016-12-12 15:14:40'),
(502, 1, 0, 0, 0, 0, 4, 2, 1, '2016-12-12 15:15:51'),
(503, 1, 0, 0, 0, 0, 4, 2, 1, '2016-12-12 15:32:01'),
(504, 29, 0, 0, 0, 0, 4, 2, 1, '2016-12-12 16:40:59'),
(505, 1, 0, 0, 0, 0, 4, 2, 1, '2016-12-12 17:08:27'),
(506, 1, 0, 0, 0, 0, 4, 2, 1, '2016-12-12 17:09:29'),
(507, 1, 0, 0, 0, 0, 4, 2, 1, '2016-12-13 04:28:45'),
(509, 1, 0, 0, 0, 0, 4, 2, 1, '2016-12-13 05:01:23'),
(510, 1, 0, 0, 0, 0, 4, 2, 1, '2016-12-13 05:05:39'),
(511, 1, 0, 10, 0, 0, 1, 1, 1, '2016-12-13 05:06:25'),
(512, 1, 0, 0, 0, 0, 4, 2, 1, '2016-12-13 05:47:09'),
(513, 1, 0, 0, 0, 0, 4, 2, 1, '2016-12-16 19:03:34'),
(514, 1, 0, 11, 0, 0, 1, 1, 1, '2016-12-16 19:07:17'),
(515, 29, 0, 0, 0, 0, 4, 2, 1, '2016-12-16 19:16:26'),
(516, 29, 0, 0, 0, 0, 4, 2, 1, '2016-12-16 19:17:47'),
(517, 29, 0, 0, 0, 0, 4, 2, 1, '2016-12-16 19:29:01'),
(518, 29, 0, 0, 0, 0, 4, 2, 1, '2016-12-16 19:30:16'),
(519, 29, 0, 0, 0, 0, 4, 2, 1, '2016-12-16 19:37:41'),
(520, 1, 0, 0, 0, 0, 4, 2, 1, '2016-12-16 19:57:54'),
(521, 29, 0, 0, 0, 0, 4, 2, 1, '2016-12-16 19:59:51'),
(522, 29, 0, 0, 0, 0, 4, 2, 1, '2016-12-16 20:01:29'),
(523, 29, 0, 0, 0, 0, 4, 2, 1, '2016-12-16 20:01:53'),
(524, 29, 0, 0, 0, 0, 4, 2, 1, '2016-12-16 20:02:29'),
(525, 29, 0, 0, 0, 0, 4, 2, 1, '2016-12-16 20:06:46'),
(526, 29, 0, 0, 0, 0, 4, 2, 1, '2016-12-16 20:07:18'),
(527, 29, 0, 0, 0, 0, 4, 2, 1, '2016-12-16 20:07:31'),
(528, 29, 0, 0, 0, 0, 4, 2, 1, '2016-12-16 20:08:44'),
(529, 1, 0, 0, 0, 0, 4, 2, 1, '2016-12-16 20:09:12'),
(530, 1, 0, 0, 0, 0, 4, 2, 1, '2016-12-16 20:11:39'),
(531, 29, 0, 0, 0, 0, 4, 2, 1, '2016-12-16 20:18:15'),
(532, 29, 0, 0, 0, 0, 4, 2, 1, '2016-12-16 20:18:43'),
(533, 29, 0, 0, 0, 0, 4, 2, 1, '2016-12-16 20:19:45'),
(534, 29, 0, 0, 0, 0, 4, 2, 3, '2016-12-16 20:23:07'),
(535, 1, 0, 0, 0, 0, 4, 2, 1, '2016-12-16 20:23:24'),
(536, 1, 0, 0, 0, 0, 4, 2, 2, '2016-12-16 20:25:19'),
(537, 1, 0, 0, 0, 0, 4, 2, 1, '2016-12-17 12:09:49'),
(538, 1, 0, 12, 0, 0, 1, 1, 1, '2016-12-17 12:13:10'),
(539, 29, 0, 0, 0, 0, 4, 2, 1, '2016-12-17 13:23:36'),
(540, 29, 0, 0, 0, 0, 4, 2, 1, '2016-12-17 13:32:19'),
(541, 1, 0, 0, 0, 0, 4, 2, 1, '2016-12-17 13:33:19'),
(542, 29, 0, 0, 0, 0, 4, 2, 1, '2016-12-17 13:51:08'),
(543, 1, 0, 0, 0, 0, 4, 2, 1, '2016-12-17 13:51:16'),
(544, 69, 0, 0, 0, 0, 4, 2, 2, '2016-12-17 13:53:06'),
(545, 1, 0, 0, 0, 0, 4, 2, 1, '2016-12-17 14:26:12'),
(546, 29, 0, 0, 0, 0, 4, 2, 1, '2016-12-17 14:50:03'),
(547, 29, 0, 0, 0, 0, 4, 2, 1, '2016-12-17 14:53:48'),
(548, 29, 0, 8, 0, 0, 3, 1, 1, '2016-12-17 14:54:23'),
(549, 29, 0, 12, 0, 0, 3, 1, 1, '2016-12-17 14:54:49'),
(550, 29, 0, 12, 0, 0, 3, 1, 1, '2016-12-17 14:56:18'),
(551, 29, 0, 7, 0, 0, 3, 1, 1, '2016-12-17 14:57:14'),
(552, 29, 0, 0, 0, 0, 4, 2, 1, '2016-12-17 15:00:45'),
(553, 29, 0, 13, 0, 0, 1, 1, 1, '2016-12-17 15:03:29'),
(554, 29, 0, 10, 0, 0, 3, 1, 1, '2016-12-17 15:03:52'),
(555, 29, 0, 0, 0, 0, 4, 2, 1, '2016-12-17 15:09:21'),
(556, 29, 0, 0, 0, 0, 4, 2, 1, '2016-12-17 15:10:38'),
(557, 29, 0, 4, 0, 0, 3, 1, 1, '2016-12-17 15:11:42'),
(558, 69, 0, 0, 0, 0, 4, 2, 1, '2016-12-17 15:13:22'),
(559, 69, 0, 13, 0, 0, 3, 1, 1, '2016-12-17 15:15:51'),
(560, 69, 0, 13, 0, 0, 3, 1, 1, '2016-12-17 15:16:40'),
(561, 69, 0, 13, 0, 0, 3, 1, 1, '2016-12-17 15:17:02'),
(562, 69, 0, 14, 0, 0, 1, 1, 1, '2016-12-17 15:23:16'),
(563, 69, 0, 6, 0, 0, 3, 1, 1, '2016-12-17 15:23:50'),
(564, 69, 0, 6, 0, 0, 3, 1, 1, '2016-12-17 15:24:18'),
(565, 69, 0, 14, 0, 0, 3, 1, 1, '2016-12-17 15:24:45'),
(566, 29, 0, 0, 0, 0, 4, 2, 1, '2016-12-17 15:25:33'),
(567, 29, 0, 11, 0, 0, 3, 1, 1, '2016-12-17 15:25:46'),
(568, 29, 0, 0, 0, 0, 4, 2, 1, '2016-12-17 15:26:59'),
(569, 29, 0, 5, 0, 0, 3, 1, 1, '2016-12-17 15:27:10'),
(570, 29, 0, 0, 11, 0, 1, 3, 1, '2016-12-17 15:27:47'),
(571, 29, 0, 15, 0, 0, 1, 1, 1, '2016-12-17 15:28:38'),
(572, 29, 0, 0, 0, 0, 4, 2, 1, '2016-12-17 15:29:56'),
(573, 29, 0, 15, 0, 0, 3, 1, 1, '2016-12-17 15:30:09'),
(574, 69, 0, 0, 0, 0, 4, 2, 1, '2016-12-17 15:30:39'),
(577, 29, 0, 0, 0, 0, 4, 2, 1, '2016-12-17 15:36:31'),
(579, 29, 0, 0, 0, 0, 4, 2, 1, '2016-12-17 15:38:03'),
(581, 69, 0, 0, 0, 0, 4, 2, 1, '2016-12-17 15:41:24'),
(582, 69, 0, 20, 0, 0, 1, 1, 1, '2016-12-17 15:44:25'),
(583, 69, 0, 20, 0, 0, 3, 1, 1, '2016-12-17 15:44:47'),
(584, 69, 0, 20, 0, 0, 3, 1, 1, '2016-12-17 15:46:10'),
(585, 29, 0, 21, 0, 0, 1, 1, 1, '2016-12-17 17:06:59'),
(586, 29, 0, 0, 0, 0, 4, 2, 1, '2016-12-17 17:07:09'),
(587, 29, 0, 0, 0, 0, 4, 2, 1, '2016-12-17 17:18:13'),
(588, 29, 0, 0, 0, 0, 4, 2, 1, '2016-12-17 19:14:51'),
(589, 29, 0, 0, 0, 0, 4, 2, 1, '2016-12-17 19:54:03'),
(590, 29, 0, 0, 0, 0, 4, 2, 1, '2016-12-17 19:54:52'),
(591, 29, 0, 0, 0, 0, 4, 2, 1, '2016-12-17 19:55:11'),
(592, 29, 0, 0, 0, 0, 4, 2, 1, '2016-12-17 19:55:15'),
(593, 29, 0, 0, 0, 0, 4, 2, 1, '2016-12-17 19:55:35'),
(594, 29, 0, 0, 0, 0, 4, 2, 1, '2016-12-17 19:55:42'),
(595, 29, 0, 0, 0, 0, 4, 2, 1, '2016-12-17 19:56:29'),
(596, 29, 0, 22, 0, 0, 1, 1, 1, '2016-12-17 19:57:05'),
(597, 29, 0, 0, 0, 0, 4, 2, 1, '2016-12-17 20:00:14'),
(598, 29, 0, 0, 0, 0, 4, 2, 1, '2016-12-17 20:00:25'),
(599, 29, 0, 0, 0, 0, 4, 2, 1, '2016-12-17 20:00:54'),
(600, 29, 0, 0, 0, 0, 4, 2, 1, '2016-12-17 20:08:23'),
(601, 29, 0, 0, 0, 0, 4, 2, 1, '2016-12-17 20:08:50'),
(602, 29, 0, 0, 0, 0, 4, 2, 1, '2016-12-17 20:13:05'),
(603, 29, 0, 0, 0, 0, 4, 2, 1, '2016-12-17 20:14:09'),
(604, 29, 0, 0, 0, 0, 4, 2, 1, '2016-12-17 20:14:15'),
(605, 29, 0, 0, 0, 0, 4, 2, 1, '2016-12-17 20:15:21'),
(606, 29, 0, 0, 0, 0, 4, 2, 1, '2016-12-17 20:15:51'),
(607, 29, 0, 0, 0, 0, 4, 2, 1, '2016-12-17 20:15:56'),
(608, 29, 0, 0, 0, 0, 4, 2, 1, '2016-12-17 20:16:00'),
(609, 29, 0, 0, 0, 0, 4, 2, 1, '2016-12-17 20:16:20'),
(610, 29, 0, 0, 0, 0, 4, 2, 1, '2016-12-17 20:16:24'),
(611, 29, 0, 0, 0, 0, 4, 2, 1, '2016-12-17 20:16:30'),
(612, 29, 0, 0, 0, 0, 4, 2, 1, '2016-12-17 20:19:00'),
(613, 29, 0, 0, 0, 0, 4, 2, 1, '2016-12-17 20:24:20'),
(614, 29, 0, 0, 0, 0, 4, 2, 1, '2016-12-17 20:30:46'),
(615, 29, 0, 0, 0, 0, 4, 2, 1, '2016-12-19 11:30:51'),
(616, 29, 0, 0, 0, 0, 4, 2, 1, '2016-12-19 11:33:35'),
(617, 29, 0, 0, 0, 0, 4, 2, 1, '2016-12-19 11:33:50'),
(618, 29, 0, 0, 0, 0, 4, 2, 1, '2016-12-19 11:34:28'),
(619, 29, 0, 0, 0, 0, 4, 2, 1, '2016-12-19 11:36:11'),
(620, 29, 0, 0, 0, 0, 4, 2, 1, '2016-12-19 13:07:19'),
(621, 29, 0, 0, 0, 0, 4, 2, 1, '2016-12-19 13:09:53'),
(622, 1, 0, 0, 0, 0, 4, 2, 1, '2016-12-19 13:11:47'),
(623, 29, 0, 0, 0, 0, 4, 2, 1, '2016-12-19 13:14:29'),
(624, 1, 0, 0, 0, 0, 4, 2, 1, '2016-12-20 03:03:46'),
(625, 1, 0, 0, 0, 0, 4, 2, 1, '2016-12-20 03:05:52'),
(626, 1, 0, 0, 0, 0, 4, 2, 1, '2016-12-20 03:29:10'),
(627, 1, 0, 0, 0, 0, 4, 2, 1, '2016-12-20 03:32:08'),
(628, 1, 0, 0, 0, 0, 4, 2, 1, '2016-12-20 03:35:23'),
(629, 29, 0, 0, 0, 0, 4, 2, 1, '2016-12-20 03:39:03'),
(630, 29, 0, 0, 0, 0, 4, 2, 1, '2016-12-20 03:39:29'),
(631, 69, 0, 0, 0, 0, 4, 2, 1, '2016-12-20 03:52:20'),
(632, 1, 0, 0, 0, 0, 4, 2, 3, '2016-12-20 03:53:34'),
(633, 69, 0, 0, 12, 0, 1, 3, 1, '2016-12-20 03:55:28'),
(634, 29, 0, 0, 0, 0, 4, 2, 1, '2016-12-20 04:32:13'),
(635, 1, 0, 0, 0, 0, 4, 2, 1, '2016-12-20 04:32:30'),
(636, 1, 0, 0, 0, 0, 4, 2, 1, '2016-12-20 05:12:14'),
(637, 1, 0, 0, 0, 0, 4, 2, 1, '2016-12-20 05:12:51'),
(638, 1, 0, 23, 0, 0, 1, 1, 1, '2016-12-20 05:17:29'),
(639, 1, 0, 24, 0, 0, 1, 1, 1, '2016-12-20 05:21:00'),
(640, 1, 0, 0, 0, 0, 4, 2, 1, '2016-12-20 05:36:15'),
(641, 1, 0, 0, 0, 0, 4, 2, 1, '2016-12-20 06:04:00'),
(642, 1, 0, 0, 13, 0, 1, 3, 1, '2016-12-20 06:04:28'),
(643, 29, 0, 0, 0, 0, 4, 2, 1, '2016-12-20 06:05:40'),
(644, 29, 0, 0, 0, 0, 4, 2, 1, '2016-12-20 06:06:19'),
(645, 1, 0, 0, 0, 0, 4, 2, 1, '2016-12-20 06:11:49'),
(646, 1, 0, 0, 0, 0, 4, 2, 1, '2016-12-24 08:38:37'),
(647, 1, 0, 0, 0, 0, 4, 2, 1, '2016-12-24 08:51:24'),
(648, 1, 0, 0, 0, 0, 4, 2, 1, '2016-12-24 08:52:11'),
(649, 1, 0, 0, 0, 0, 4, 2, 3, '2016-12-24 09:12:39'),
(650, 1, 0, 0, 0, 0, 4, 2, 1, '2016-12-25 09:14:32'),
(651, 1, 0, 0, 0, 0, 4, 2, 1, '2016-12-25 09:39:11'),
(652, 1, 0, 0, 0, 0, 4, 2, 1, '2016-12-25 09:39:38'),
(653, 1, 0, 0, 0, 0, 4, 2, 1, '2016-12-30 19:46:47'),
(654, 29, 0, 0, 0, 0, 4, 2, 1, '2016-12-30 20:03:11'),
(655, 29, 0, 0, 14, 0, 1, 3, 1, '2016-12-30 20:04:11'),
(656, 1, 0, 0, 0, 0, 4, 2, 1, '2016-12-31 08:16:12'),
(657, 1, 0, 0, 0, 0, 4, 2, 1, '2016-12-31 08:45:22'),
(658, 1, 0, 0, 0, 0, 4, 2, 1, '2016-12-31 19:57:05'),
(659, 1, 0, 0, 0, 0, 4, 2, 1, '2016-12-31 20:00:37'),
(660, 1, 0, 25, 0, 0, 1, 1, 1, '2016-12-31 20:01:15'),
(661, 1, 0, 0, 0, 0, 4, 2, 1, '2016-12-31 20:07:35'),
(662, 1, 0, 0, 0, 0, 4, 2, 1, '2016-12-31 20:10:01'),
(663, 1, 0, 0, 0, 0, 4, 2, 1, '2016-12-31 20:12:19'),
(664, 1, 0, 0, 0, 0, 4, 2, 1, '2016-12-31 20:15:43'),
(665, 1, 0, 26, 0, 0, 1, 1, 1, '2016-12-31 20:16:10'),
(666, 1, 0, 27, 0, 0, 1, 1, 1, '2016-12-31 20:16:10'),
(667, 1, 0, 28, 0, 0, 1, 1, 1, '2016-12-31 20:16:11'),
(668, 1, 0, 0, 0, 0, 4, 2, 1, '2016-12-31 20:18:49'),
(669, 1, 0, 0, 0, 0, 4, 2, 1, '2016-12-31 20:21:04'),
(670, 29, 0, 0, 0, 0, 4, 2, 1, '2017-01-10 05:16:59'),
(671, 1, 0, 0, 0, 0, 4, 2, 1, '2017-01-10 05:17:12'),
(672, 1, 0, 0, 0, 0, 4, 2, 1, '2017-01-10 06:30:08'),
(673, 1, 0, 0, 0, 0, 4, 2, 1, '2017-01-10 07:22:35'),
(674, 1, 0, 0, 0, 0, 4, 2, 1, '2017-01-10 07:27:08'),
(675, 1, 0, 0, 0, 0, 4, 2, 1, '2017-01-10 07:41:52'),
(676, 1, 0, 0, 0, 0, 4, 2, 1, '2017-01-10 07:48:23'),
(677, 1, 0, 0, 0, 0, 4, 2, 1, '2017-01-10 07:55:10'),
(678, 1, 0, 0, 0, 0, 4, 2, 1, '2017-01-10 07:57:19'),
(679, 1, 0, 0, 0, 0, 4, 2, 1, '2017-01-10 07:58:08'),
(680, 1, 0, 0, 0, 0, 4, 2, 1, '2017-01-10 07:58:20'),
(681, 1, 0, 0, 0, 0, 4, 2, 1, '2017-01-10 07:58:32'),
(682, 1, 0, 0, 0, 0, 4, 2, 1, '2017-01-10 08:00:28'),
(683, 1, 0, 0, 0, 0, 4, 2, 1, '2017-01-10 09:17:38'),
(684, 1, 0, 0, 0, 0, 4, 2, 1, '2017-01-10 09:19:05'),
(685, 1, 0, 0, 0, 0, 4, 2, 1, '2017-01-10 09:32:48'),
(686, 1, 0, 0, 0, 0, 4, 2, 1, '2017-01-10 09:33:46'),
(687, 1, 0, 0, 0, 0, 4, 2, 1, '2017-01-10 09:34:23'),
(688, 1, 0, 0, 0, 0, 4, 2, 1, '2017-01-10 09:34:48'),
(689, 1, 0, 0, 0, 0, 4, 2, 1, '2017-01-10 09:35:53'),
(690, 1, 0, 0, 0, 0, 4, 2, 1, '2017-01-16 07:07:03'),
(691, 1, 0, 0, 0, 0, 4, 2, 1, '2017-01-16 07:44:15'),
(692, 1, 0, 0, 0, 0, 4, 2, 1, '2017-01-16 07:47:45'),
(693, 1, 0, 0, 0, 0, 4, 2, 1, '2017-01-16 07:56:37'),
(694, 1, 0, 0, 0, 0, 4, 2, 2, '2017-01-16 08:29:21'),
(695, 29, 0, 0, 0, 0, 4, 2, 2, '2017-01-16 08:29:22'),
(696, 69, 0, 0, 0, 0, 4, 2, 2, '2017-01-16 08:29:22'),
(697, 70, 0, 0, 0, 0, 4, 2, 2, '2017-01-16 08:29:22'),
(698, 71, 0, 0, 0, 0, 4, 2, 2, '2017-01-16 08:29:22'),
(699, 1, 0, 0, 0, 0, 4, 2, 1, '2017-01-16 08:36:56'),
(700, 1, 0, 0, 0, 0, 4, 2, 1, '2017-01-16 09:07:42'),
(701, 1, 0, 0, 0, 0, 4, 2, 1, '2017-01-16 09:10:38'),
(702, 1, 0, 0, 0, 0, 4, 2, 1, '2017-01-16 09:11:28'),
(703, 1, 0, 24, 0, 28, 10, 1, 1, '2017-01-17 05:40:26'),
(704, 1, 0, 23, 0, 29, 10, 1, 1, '2017-01-17 05:40:22'),
(705, 1, 0, 2, 0, 30, 10, 1, 1, '2017-01-17 05:40:02'),
(712, 1, 0, 0, 0, 0, 4, 2, 1, '2017-01-16 09:24:40'),
(713, 1, 0, 27, 0, 35, 11, 1, 1, '2017-01-16 10:06:33'),
(714, 1, 0, 0, 0, 0, 4, 2, 1, '2017-01-16 10:05:32'),
(715, 1, 0, 0, 0, 0, 4, 2, 1, '2017-01-16 10:11:13'),
(716, 1, 0, 0, 0, 0, 4, 2, 1, '2017-01-16 10:16:13'),
(717, 1, 0, 0, 0, 0, 4, 2, 1, '2017-01-16 10:19:08'),
(718, 1, 0, 0, 0, 0, 4, 2, 1, '2017-01-16 17:05:12'),
(719, 1, 0, 0, 0, 0, 4, 2, 1, '2017-01-16 17:10:42'),
(720, 1, 0, 27, 0, 34, 10, 1, 1, '2017-01-16 17:13:46'),
(721, 1, 0, 0, 0, 0, 4, 2, 1, '2017-01-16 17:13:45'),
(722, 1, 0, 0, 0, 0, 4, 2, 3, '2017-01-16 17:48:04'),
(723, 1, 0, 0, 0, 0, 4, 2, 1, '2017-01-16 18:22:55'),
(724, 1, 0, 0, 0, 0, 4, 2, 1, '2017-01-16 18:25:11'),
(725, 1, 0, 0, 0, 0, 4, 2, 1, '2017-01-16 18:26:46'),
(726, 1, 0, 0, 0, 0, 4, 2, 1, '2017-01-16 18:41:31'),
(727, 1, 0, 0, 0, 0, 4, 2, 1, '2017-01-16 18:42:12'),
(728, 1, 0, 0, 0, 0, 4, 2, 1, '2017-01-16 18:43:17'),
(729, 1, 0, 0, 0, 0, 4, 2, 1, '2017-01-16 18:49:00'),
(730, 1, 0, 0, 0, 0, 4, 2, 1, '2017-01-16 18:53:13'),
(731, 1, 0, 0, 0, 0, 4, 2, 1, '2017-01-16 18:57:40'),
(732, 1, 0, 0, 0, 0, 4, 2, 1, '2017-01-16 18:59:38'),
(733, 1, 0, 0, 0, 0, 4, 2, 1, '2017-01-16 19:09:37'),
(734, 1, 0, 0, 0, 0, 4, 2, 1, '2017-01-16 19:11:57'),
(735, 1, 0, 0, 0, 0, 4, 2, 1, '2017-01-16 19:28:32'),
(736, 1, 0, 0, 0, 0, 4, 2, 1, '2017-01-16 19:29:21'),
(737, 1, 0, 25, 0, 36, 10, 1, 1, '2017-01-17 05:32:26'),
(738, 1, 0, 25, 0, 37, 11, 1, 1, '2017-01-17 05:36:28'),
(739, 1, 0, 0, 0, 0, 4, 2, 1, '2017-01-16 19:36:27'),
(740, 1, 0, 0, 0, 0, 4, 2, 1, '2017-01-16 19:40:51'),
(741, 1, 0, 0, 0, 0, 4, 2, 1, '2017-01-16 19:46:15'),
(742, 1, 0, 0, 0, 0, 4, 2, 1, '2017-01-16 19:50:17'),
(743, 1, 0, 0, 0, 0, 4, 2, 1, '2017-01-17 03:11:40'),
(744, 1, 0, 0, 0, 0, 4, 2, 1, '2017-01-17 03:30:06'),
(745, 1, 0, 0, 0, 0, 4, 2, 1, '2017-01-17 04:09:10'),
(746, 1, 0, 0, 0, 0, 4, 2, 1, '2017-01-17 04:12:50'),
(747, 1, 0, 0, 0, 0, 4, 2, 1, '2017-01-17 05:03:56'),
(748, 1, 0, 0, 0, 0, 4, 2, 1, '2017-01-17 06:07:55'),
(749, 1, 0, 29, 0, 0, 1, 1, 1, '2017-01-17 06:11:11'),
(750, 1, 0, 29, 0, 39, 10, 1, 1, '2017-01-17 06:11:44'),
(752, 1, 0, 29, 0, 40, 11, 1, 1, '2017-01-17 06:17:31'),
(753, 1, 0, 29, 0, 41, 10, 1, 1, '2017-01-17 06:20:00'),
(754, 1, 0, 0, 0, 0, 4, 2, 1, '2017-01-17 06:43:14'),
(755, 1, 0, 29, 0, 42, 11, 1, 1, '2017-01-17 06:44:11'),
(756, 1, 0, 0, 0, 0, 4, 2, 1, '2017-01-17 07:06:07'),
(757, 1, 0, 0, 0, 0, 4, 2, 1, '2017-01-19 14:11:22'),
(758, 1, 0, 0, 0, 0, 4, 2, 1, '2017-01-24 03:49:22'),
(759, 1, 0, 0, 0, 0, 4, 2, 1, '2017-01-24 04:19:19'),
(760, 1, 0, 0, 0, 0, 4, 2, 1, '2017-01-24 05:31:44'),
(761, 1, 0, 0, 0, 0, 4, 2, 1, '2017-01-27 18:17:12'),
(762, 1, 0, 0, 0, 0, 4, 2, 1, '2017-01-27 19:35:32'),
(763, 1, 0, 0, 0, 0, 4, 2, 1, '2017-01-27 19:40:51'),
(764, 1, 0, 0, 0, 0, 4, 2, 1, '2017-01-27 20:58:16'),
(765, 1, 0, 0, 0, 0, 4, 2, 1, '2017-01-27 20:59:49'),
(766, 1, 0, 0, 0, 0, 4, 2, 1, '2017-01-27 21:01:17'),
(767, 1, 0, 0, 0, 0, 4, 2, 1, '2017-01-27 21:05:36'),
(768, 1, 0, 0, 0, 0, 4, 2, 1, '2017-01-27 21:24:33'),
(769, 1, 0, 0, 0, 0, 4, 2, 1, '2017-01-27 21:27:07'),
(770, 1, 0, 0, 0, 0, 4, 2, 1, '2017-01-27 21:27:18'),
(771, 1, 0, 0, 0, 0, 4, 2, 1, '2017-01-27 21:41:31'),
(772, 1, 0, 0, 0, 0, 4, 2, 1, '2017-01-28 09:24:35'),
(773, 1, 0, 0, 0, 0, 4, 2, 1, '2017-01-28 09:40:00'),
(774, 1, 72, 0, 0, 0, 1, 2, 1, '2017-01-28 09:41:10'),
(775, 1, 0, 0, 0, 0, 4, 2, 1, '2017-01-28 09:45:52'),
(776, 1, 72, 0, 0, 0, 3, 2, 1, '2017-01-28 09:47:50'),
(777, 1, 0, 0, 0, 0, 4, 2, 1, '2017-01-28 09:52:09'),
(778, 1, 0, 0, 0, 0, 4, 2, 1, '2017-01-28 09:55:37'),
(779, 1, 72, 0, 0, 0, 8, 2, 1, '2017-01-28 09:58:28'),
(780, 1, 72, 0, 0, 0, 3, 2, 1, '2017-01-28 09:58:52'),
(781, 1, 72, 0, 0, 0, 8, 2, 1, '2017-01-28 09:58:55'),
(782, 1, 0, 0, 0, 0, 4, 2, 1, '2017-01-28 10:19:39'),
(783, 1, 0, 0, 0, 0, 4, 2, 1, '2017-01-28 10:38:54'),
(784, 1, 0, 0, 0, 0, 4, 2, 1, '2017-01-28 10:39:41'),
(785, 1, 0, 0, 0, 0, 4, 2, 1, '2017-01-28 10:40:40'),
(786, 1, 0, 0, 0, 0, 4, 2, 1, '2017-01-28 12:25:46'),
(787, 1, 0, 0, 0, 0, 4, 2, 1, '2017-01-28 12:35:35'),
(788, 1, 0, 0, 0, 0, 4, 2, 1, '2017-01-28 12:42:12'),
(789, 1, 0, 0, 0, 0, 4, 2, 1, '2017-01-28 12:45:26'),
(790, 1, 0, 0, 0, 0, 4, 2, 1, '2017-01-28 13:17:09'),
(791, 1, 73, 0, 0, 0, 1, 2, 1, '2017-01-28 13:17:54'),
(792, 1, 0, 0, 0, 0, 4, 2, 1, '2017-01-28 13:33:26'),
(793, 1, 0, 0, 15, 0, 1, 3, 1, '2017-01-28 13:38:41'),
(794, 1, 0, 30, 0, 0, 1, 1, 1, '2017-01-28 13:40:01'),
(795, 1, 0, 1, 0, 0, 3, 1, 1, '2017-01-28 13:41:40'),
(796, 1, 0, 0, 0, 0, 4, 2, 1, '2017-01-28 13:42:34'),
(797, 1, 0, 3, 0, 0, 3, 1, 1, '2017-01-28 13:43:17'),
(798, 1, 0, 30, 0, 44, 10, 1, 1, '2017-01-28 13:43:57'),
(799, 1, 0, 22, 0, 45, 10, 1, 1, '2017-01-28 13:43:58'),
(800, 1, 0, 0, 0, 0, 4, 2, 1, '2017-01-28 13:45:34'),
(801, 1, 0, 0, 0, 0, 4, 2, 1, '2017-01-29 03:37:05'),
(802, 1, 0, 0, 0, 0, 4, 2, 1, '2017-01-29 03:40:03'),
(803, 1, 0, 30, 0, 46, 11, 1, 1, '2017-01-29 03:41:47'),
(804, 1, 0, 22, 0, 47, 11, 1, 1, '2017-01-29 03:41:47'),
(805, 1, 0, 0, 0, 0, 4, 2, 1, '2017-01-29 03:42:32'),
(806, 1, 0, 0, 0, 0, 4, 2, 1, '2017-01-29 04:04:33'),
(807, 1, 0, 30, 0, 48, 10, 1, 1, '2017-01-29 04:25:38'),
(808, 1, 0, 22, 0, 49, 10, 1, 1, '2017-01-29 04:25:39'),
(809, 1, 0, 22, 0, 50, 11, 1, 1, '2017-01-29 04:32:52'),
(810, 1, 0, 0, 0, 0, 4, 2, 1, '2017-01-30 12:25:51'),
(811, 1, 0, 0, 0, 0, 4, 2, 1, '2017-01-30 13:14:23'),
(812, 1, 0, 31, 0, 0, 1, 1, 1, '2017-01-30 13:15:20'),
(813, 1, 0, 0, 0, 0, 4, 2, 1, '2017-01-30 13:29:37'),
(814, 1, 0, 0, 0, 0, 4, 2, 1, '2017-01-30 13:38:08'),
(815, 1, 0, 0, 0, 0, 4, 2, 1, '2017-01-30 14:38:00'),
(816, 69, 0, 0, 0, 0, 4, 2, 1, '2017-01-30 14:40:39'),
(817, 1, 0, 0, 0, 0, 4, 2, 1, '2017-01-30 15:09:14'),
(818, 69, 0, 0, 0, 0, 4, 2, 1, '2017-01-30 15:09:51');

-- --------------------------------------------------------

--
-- Table structure for table `log_type`
--

CREATE TABLE `log_type` (
  `id` int(11) NOT NULL,
  `type` varchar(15) NOT NULL
) ENGINE=InnoDB DEFAULT CHARSET=latin1;

--
-- Dumping data for table `log_type`
--

INSERT INTO `log_type` (`id`, `type`) VALUES
(1, 'Inventory'),
(2, 'Account'),
(3, 'Category');

-- --------------------------------------------------------

--
-- Table structure for table `reset`
--

CREATE TABLE `reset` (
  `id` int(11) NOT NULL,
  `user` int(11) NOT NULL,
  `code` varchar(15) NOT NULL,
  `timestamp` timestamp NOT NULL DEFAULT CURRENT_TIMESTAMP ON UPDATE CURRENT_TIMESTAMP
) ENGINE=InnoDB DEFAULT CHARSET=latin1;

--
-- Dumping data for table `reset`
--

INSERT INTO `reset` (`id`, `user`, `code`, `timestamp`) VALUES
(1, 3, 'PLW5AYAFeFxSLER', '2016-11-16 17:46:51'),
(3, 9, 's8AJ0yJe6Hq686M', '2016-11-22 03:47:03'),
(4, 11, 'qAcqrDXAED0Hzhw', '2016-11-26 12:35:28'),
(5, 13, 'bfNL85B0uXxfeqX', '2016-11-26 12:43:41'),
(6, 14, 'BwfGfH8oNeMLHTN', '2016-11-26 14:08:42'),
(10, 25, 'fpUWeJewrbkvfva', '2016-11-28 10:45:31'),
(11, 0, '7X2wBYH3GwtnhJa', '2016-11-28 13:26:37'),
(12, 26, 'EopdnsumsQimFPc', '2016-11-28 13:46:31'),
(13, 27, 'RCOaVwRutvwmQ8x', '2016-11-28 13:47:21'),
(14, 28, 'sdPIWA1BOLQQFP7', '2016-11-28 13:55:41'),
(15, 29, 'l7dx7RKG4vmZ4RX', '2016-11-28 14:01:35'),
(16, 70, 'fRM1zc1DeR7Q3PI', '2016-11-29 03:40:07'),
(17, 71, 'sBuERZ01fuznmWo', '2016-12-03 11:19:06'),
(18, 1, 'ZygOAwMzxbGq7OF', '2016-12-05 13:47:53'),
(19, 69, 'XemM6KEqTM7jvTn', '2016-12-17 13:51:33'),
(20, 72, 'yOhJwVMaO5xDvbS', '2017-01-28 09:41:09'),
(21, 73, 'gntFaWK9RxwDHF6', '2017-01-28 13:17:53');

-- --------------------------------------------------------

--
-- Table structure for table `status`
--

CREATE TABLE `status` (
  `id` int(11) NOT NULL,
  `name` varchar(30) NOT NULL
) ENGINE=InnoDB DEFAULT CHARSET=latin1;

--
-- Dumping data for table `status`
--

INSERT INTO `status` (`id`, `name`) VALUES
(1, 'Working'),
(2, 'Repairing'),
(3, 'Defective');

--
-- Indexes for dumped tables
--

--
-- Indexes for table `account`
--
ALTER TABLE `account`
  ADD PRIMARY KEY (`id`),
  ADD UNIQUE KEY `email` (`email`);

--
-- Indexes for table `account_type`
--
ALTER TABLE `account_type`
  ADD PRIMARY KEY (`id`);

--
-- Indexes for table `action`
--
ALTER TABLE `action`
  ADD PRIMARY KEY (`id`);

--
-- Indexes for table `category`
--
ALTER TABLE `category`
  ADD PRIMARY KEY (`id`);

--
-- Indexes for table `component`
--
ALTER TABLE `component`
  ADD PRIMARY KEY (`id`);

--
-- Indexes for table `dashboard`
--
ALTER TABLE `dashboard`
  ADD PRIMARY KEY (`id`);

--
-- Indexes for table `dashboard_type`
--
ALTER TABLE `dashboard_type`
  ADD PRIMARY KEY (`id`);

--
-- Indexes for table `deploy`
--
ALTER TABLE `deploy`
  ADD PRIMARY KEY (`id`);

--
-- Indexes for table `deploy_status`
--
ALTER TABLE `deploy_status`
  ADD PRIMARY KEY (`id`);

--
-- Indexes for table `item`
--
ALTER TABLE `item`
  ADD PRIMARY KEY (`id`);

--
-- Indexes for table `logs`
--
ALTER TABLE `logs`
  ADD PRIMARY KEY (`id`);

--
-- Indexes for table `log_type`
--
ALTER TABLE `log_type`
  ADD PRIMARY KEY (`id`);

--
-- Indexes for table `reset`
--
ALTER TABLE `reset`
  ADD PRIMARY KEY (`id`);

--
-- Indexes for table `status`
--
ALTER TABLE `status`
  ADD PRIMARY KEY (`id`);

--
-- AUTO_INCREMENT for dumped tables
--

--
-- AUTO_INCREMENT for table `account`
--
ALTER TABLE `account`
  MODIFY `id` int(11) NOT NULL AUTO_INCREMENT, AUTO_INCREMENT=74;
--
-- AUTO_INCREMENT for table `account_type`
--
ALTER TABLE `account_type`
  MODIFY `id` int(11) NOT NULL AUTO_INCREMENT, AUTO_INCREMENT=3;
--
-- AUTO_INCREMENT for table `action`
--
ALTER TABLE `action`
  MODIFY `id` int(11) NOT NULL AUTO_INCREMENT, AUTO_INCREMENT=12;
--
-- AUTO_INCREMENT for table `category`
--
ALTER TABLE `category`
  MODIFY `id` int(3) NOT NULL AUTO_INCREMENT, AUTO_INCREMENT=16;
--
-- AUTO_INCREMENT for table `component`
--
ALTER TABLE `component`
  MODIFY `id` int(11) NOT NULL AUTO_INCREMENT, AUTO_INCREMENT=17;
--
-- AUTO_INCREMENT for table `dashboard`
--
ALTER TABLE `dashboard`
  MODIFY `id` int(1) NOT NULL AUTO_INCREMENT, AUTO_INCREMENT=24;
--
-- AUTO_INCREMENT for table `dashboard_type`
--
ALTER TABLE `dashboard_type`
  MODIFY `id` int(11) NOT NULL AUTO_INCREMENT, AUTO_INCREMENT=4;
--
-- AUTO_INCREMENT for table `deploy`
--
ALTER TABLE `deploy`
  MODIFY `id` int(11) NOT NULL AUTO_INCREMENT, AUTO_INCREMENT=52;
--
-- AUTO_INCREMENT for table `deploy_status`
--
ALTER TABLE `deploy_status`
  MODIFY `id` int(11) NOT NULL AUTO_INCREMENT, AUTO_INCREMENT=4;
--
-- AUTO_INCREMENT for table `item`
--
ALTER TABLE `item`
  MODIFY `id` int(11) NOT NULL AUTO_INCREMENT, AUTO_INCREMENT=32;
--
-- AUTO_INCREMENT for table `logs`
--
ALTER TABLE `logs`
  MODIFY `id` int(11) NOT NULL AUTO_INCREMENT, AUTO_INCREMENT=819;
--
-- AUTO_INCREMENT for table `log_type`
--
ALTER TABLE `log_type`
  MODIFY `id` int(11) NOT NULL AUTO_INCREMENT, AUTO_INCREMENT=4;
--
-- AUTO_INCREMENT for table `reset`
--
ALTER TABLE `reset`
  MODIFY `id` int(11) NOT NULL AUTO_INCREMENT, AUTO_INCREMENT=22;
--
-- AUTO_INCREMENT for table `status`
--
ALTER TABLE `status`
  MODIFY `id` int(11) NOT NULL AUTO_INCREMENT, AUTO_INCREMENT=4;
/*!40101 SET CHARACTER_SET_CLIENT=@OLD_CHARACTER_SET_CLIENT */;
/*!40101 SET CHARACTER_SET_RESULTS=@OLD_CHARACTER_SET_RESULTS */;
/*!40101 SET COLLATION_CONNECTION=@OLD_COLLATION_CONNECTION */;
